time,tavg,tmin,tmax,prcp,snow,wdir,wspd,wpgt,pres,tsun,municipio
2018-07-21,18.2,13.7,22.3,,,340.0,8.8,33.3,1018.3,,A_GUARDA
2018-07-22,19.6,14.7,24.7,,,349.0,6.5,27.8,1015.2,,A_GUARDA
2018-07-23,19.2,16.4,22.6,,,180.0,5.8,24.1,1015.0,,A_GUARDA
2018-07-24,18.6,15.5,22.0,,,355.0,6.8,25.9,1016.4,,A_GUARDA
2018-07-25,17.8,15.7,20.8,,,324.0,5.9,22.2,1016.0,,A_GUARDA
2018-07-26,18.9,16.4,22.0,,,337.0,6.8,25.9,1016.6,,A_GUARDA
2018-07-27,18.6,16.1,21.9,,,349.0,5.8,25.9,1016.3,,A_GUARDA
2018-07-28,18.1,15.1,22.3,,,6.0,6.6,27.8,1017.5,,A_GUARDA
2018-07-29,17.9,12.8,22.6,,,106.0,6.0,24.1,1019.0,,A_GUARDA
2018-07-30,19.4,17.6,21.8,,,141.0,5.9,22.2,1019.0,,A_GUARDA
2018-07-31,19.2,16.3,22.9,,,,7.9,35.2,1019.5,,A_GUARDA
2018-08-01,20.0,14.4,25.4,,,2.0,7.1,27.8,1016.3,,A_GUARDA
2018-08-02,25.5,20.0,31.6,,,32.0,7.2,24.1,1014.0,,A_GUARDA
2018-08-03,27.1,22.3,32.7,,,27.0,7.2,22.2,1015.9,,A_GUARDA
2018-08-04,26.0,21.1,32.0,,,25.0,7.3,22.2,1016.9,,A_GUARDA
2018-08-05,24.4,19.6,30.1,,,33.0,5.8,20.4,1015.9,,A_GUARDA
2018-08-06,19.7,18.0,21.8,,,287.0,5.3,20.4,1016.2,,A_GUARDA
2018-08-07,19.2,16.2,22.1,,,347.0,9.5,35.2,1016.9,,A_GUARDA
2018-08-08,17.5,13.6,21.2,,,358.0,6.5,24.1,1016.0,,A_GUARDA
2018-08-09,18.3,14.5,22.6,,,347.0,10.3,37.0,1020.6,,A_GUARDA
2018-08-10,18.5,13.3,23.7,,,4.0,8.3,31.5,1022.3,,A_GUARDA
2018-08-11,18.6,14.0,23.6,,,353.0,7.2,27.8,1020.7,,A_GUARDA
2018-08-12,18.0,14.1,22.2,,,353.0,5.6,22.2,1018.3,,A_GUARDA
2018-08-13,17.8,13.8,21.5,,,,7.6,33.3,1018.4,,A_GUARDA
2018-08-14,19.8,13.8,25.8,,,6.0,6.6,24.1,1017.6,,A_GUARDA
2018-08-15,21.0,15.9,26.7,,,26.0,6.6,22.2,1015.7,,A_GUARDA
2018-08-16,19.5,15.4,24.1,,,6.0,8.9,37.0,1016.9,,A_GUARDA
2018-08-17,21.7,16.2,27.7,,,5.0,8.7,33.3,1018.1,,A_GUARDA
2018-08-18,23.7,18.7,29.3,,,54.0,9.3,27.8,1017.3,,A_GUARDA
2018-08-19,24.3,18.0,30.2,,,56.0,9.3,25.9,1017.5,,A_GUARDA
2018-08-20,25.4,20.1,32.0,,,50.0,9.3,24.1,1016.7,,A_GUARDA
2018-08-21,23.8,18.7,30.3,,,51.0,6.8,22.2,1014.7,,A_GUARDA
2018-08-22,19.1,15.8,23.9,,,39.0,4.8,22.2,1016.0,,A_GUARDA
2018-08-23,17.6,15.5,21.3,,,,5.2,20.4,1018.4,,A_GUARDA
2018-08-24,19.1,13.9,24.4,,,,7.0,29.6,1019.2,,A_GUARDA
2018-08-25,18.7,13.1,24.3,,,8.0,9.3,35.2,1017.8,,A_GUARDA
2018-08-26,18.9,14.8,23.3,,,,7.3,29.6,1015.4,,A_GUARDA
2018-08-27,19.9,15.3,24.8,,,20.0,6.1,22.2,1013.5,,A_GUARDA
2018-08-28,18.9,16.5,21.8,,,18.0,7.2,20.4,1015.1,,A_GUARDA
2018-08-29,18.2,14.1,22.3,,,356.0,8.9,35.2,1021.0,,A_GUARDA
2018-08-30,18.4,13.4,23.7,,,7.0,7.0,27.8,1019.3,,A_GUARDA
2018-08-31,21.4,14.7,27.3,,,19.0,6.9,24.1,1016.9,,A_GUARDA
2018-09-01,25.0,19.5,32.2,,,49.0,7.1,25.9,1014.7,,A_GUARDA
2018-09-02,23.4,17.7,28.3,,,66.0,6.6,22.2,1013.0,,A_GUARDA
2018-09-03,18.2,15.7,20.6,,,44.0,4.7,20.4,1012.1,,A_GUARDA
2018-09-04,17.6,15.1,19.9,,,,5.1,22.2,1012.8,,A_GUARDA
2018-09-05,17.7,14.9,20.8,,,13.0,5.9,22.2,1014.8,,A_GUARDA
2018-09-06,19.0,14.1,24.1,,,17.0,6.3,25.9,1015.5,,A_GUARDA
2018-09-07,21.7,17.5,26.6,,,38.0,7.4,25.9,1013.9,,A_GUARDA
2018-09-08,20.0,16.4,22.5,,,31.0,6.9,22.2,1015.2,,A_GUARDA
2018-09-09,17.1,14.6,20.0,,,16.0,5.2,22.2,1020.4,,A_GUARDA
2018-09-10,18.9,13.6,24.4,,,21.0,5.8,22.2,1022.4,,A_GUARDA
2018-09-11,20.8,17.0,25.7,,,28.0,6.2,20.4,1020.9,,A_GUARDA
2018-09-12,18.4,14.6,22.6,,,,5.1,18.5,1021.2,,A_GUARDA
2018-09-13,17.8,12.7,23.0,,,23.0,5.9,18.5,1020.0,,A_GUARDA
2018-09-14,18.5,14.2,23.0,,,35.0,5.7,18.5,1017.9,,A_GUARDA
2018-09-15,17.4,14.8,21.4,,,31.0,5.4,20.4,1018.3,,A_GUARDA
2018-09-16,16.4,13.2,20.6,,,,4.8,18.5,1019.8,,A_GUARDA
2018-09-17,16.5,12.9,20.6,,,,4.2,18.5,1016.8,,A_GUARDA
2018-09-18,17.2,14.6,20.2,,,,4.6,20.4,1018.2,,A_GUARDA
2018-09-19,16.9,11.2,22.1,,,22.0,6.2,22.2,1021.5,,A_GUARDA
2018-09-20,16.9,12.9,20.2,,,,5.1,18.5,1021.3,,A_GUARDA
2018-09-21,18.7,16.1,22.3,,,21.0,5.3,20.4,1021.7,,A_GUARDA
2018-09-22,18.4,14.7,22.0,,,10.0,5.4,22.2,1023.0,,A_GUARDA
2018-09-23,18.8,14.1,23.3,,,15.0,6.9,24.1,1023.6,,A_GUARDA
2018-09-24,22.0,18.1,27.4,,,32.0,6.9,22.2,1021.7,,A_GUARDA
2018-09-25,22.6,18.5,28.7,,,61.0,9.4,22.2,1019.5,,A_GUARDA
2018-09-26,21.0,16.6,26.2,,,66.0,7.2,18.5,1021.6,,A_GUARDA
2018-09-27,20.9,17.2,25.6,,,36.0,5.9,18.5,1025.3,,A_GUARDA
2018-09-28,17.2,14.6,20.6,,,11.0,5.9,24.1,1021.9,,A_GUARDA
2018-09-29,16.1,12.2,20.2,,,30.0,4.6,18.5,1017.6,,A_GUARDA
2018-09-30,16.6,13.4,20.3,,,,4.7,20.4,1018.1,,A_GUARDA
2018-10-01,17.5,11.4,24.2,,,37.0,6.3,24.1,1020.5,,A_GUARDA
2018-10-02,18.7,14.4,25.0,,,62.0,8.7,27.8,1021.4,,A_GUARDA
2018-10-03,18.2,12.7,26.0,,,69.0,8.0,24.1,1021.5,,A_GUARDA
2018-10-04,17.7,12.9,24.0,,,53.0,6.5,18.5,1019.1,,A_GUARDA
2018-10-05,14.3,9.2,18.6,,,48.0,4.8,18.5,1017.1,,A_GUARDA
2018-10-06,14.2,9.7,19.5,,,33.0,7.2,31.5,1019.0,,A_GUARDA
2018-10-07,14.7,9.9,20.8,,,35.0,9.0,29.6,1020.9,,A_GUARDA
2018-10-08,16.0,9.8,23.1,,,61.0,8.5,24.1,1016.6,,A_GUARDA
2018-10-09,16.0,10.3,22.6,,,55.0,8.0,24.1,1010.6,,A_GUARDA
2018-10-10,15.8,10.7,21.2,,,146.0,7.5,29.6,1004.6,,A_GUARDA
2018-10-11,17.0,14.7,19.9,,,206.0,8.5,27.8,1009.2,,A_GUARDA
2018-10-12,18.4,15.5,20.0,,,169.0,14.3,42.6,1016.4,,A_GUARDA
2018-10-13,19.7,16.7,23.1,,,165.0,10.0,31.5,1012.8,,A_GUARDA
2018-10-14,14.3,11.8,16.9,,,333.0,10.2,33.3,1012.5,,A_GUARDA
2018-10-15,15.3,13.1,17.5,,,181.0,8.8,38.9,1007.0,,A_GUARDA
2018-10-16,15.5,13.2,19.4,,,41.0,4.5,18.5,1015.8,,A_GUARDA
2018-10-17,13.3,10.7,15.5,,,,4.7,20.4,1017.3,,A_GUARDA
2018-10-18,16.2,12.1,22.0,,,14.0,7.6,27.8,1012.7,,A_GUARDA
2018-10-19,18.2,14.0,23.2,,,34.0,7.9,25.9,1014.8,,A_GUARDA
2018-10-20,19.3,15.1,24.4,,,56.0,7.5,22.2,1017.6,,A_GUARDA
2018-10-21,18.9,16.6,23.6,,,70.0,5.6,20.4,1018.9,,A_GUARDA
2018-10-22,18.4,15.0,23.5,,,64.0,5.5,18.5,1021.9,,A_GUARDA
2018-10-23,17.7,13.1,24.6,,,75.0,8.3,27.8,1024.2,,A_GUARDA
2018-10-24,16.6,12.8,22.4,,,61.0,5.8,18.5,1025.3,,A_GUARDA
2018-10-25,14.0,10.2,19.9,,,66.0,4.7,14.8,1019.6,,A_GUARDA
2018-10-26,13.7,10.6,17.4,,,40.0,5.0,20.4,1015.1,,A_GUARDA
2018-10-27,12.1,6.8,15.3,,,19.0,11.3,42.6,1015.9,,A_GUARDA
2018-10-28,8.2,4.3,14.0,,,10.0,10.4,40.8,1011.4,,A_GUARDA
2018-10-29,8.7,3.8,12.9,,,304.0,6.7,31.5,1010.0,,A_GUARDA
2018-10-30,9.8,8.2,11.6,,,338.0,7.7,25.9,1001.2,,A_GUARDA
2018-10-31,9.6,7.3,12.9,,,53.0,5.7,24.1,1005.8,,A_GUARDA
2018-11-01,10.8,7.2,14.2,,,111.0,4.8,18.5,1018.0,,A_GUARDA
2018-11-02,14.4,12.1,16.6,,,346.0,5.4,18.5,1024.5,,A_GUARDA
2018-11-03,11.9,10.0,15.3,,,,3.6,16.7,1023.8,,A_GUARDA
2018-11-04,11.9,10.6,13.3,,,160.0,8.3,37.0,1010.5,,A_GUARDA
2018-11-05,11.3,9.8,13.5,,,323.0,10.0,33.3,1006.4,,A_GUARDA
2018-11-06,12.3,9.1,14.0,,,218.0,14.8,51.8,1008.7,,A_GUARDA
2018-11-07,12.7,9.9,15.6,,,285.0,9.2,31.5,1013.5,,A_GUARDA
2018-11-08,11.0,9.7,12.9,,,214.0,10.3,35.2,1013.0,,A_GUARDA
2018-11-09,12.0,8.1,15.5,,,198.0,13.1,46.3,1016.8,,A_GUARDA
2018-11-10,15.5,14.7,16.3,,,262.0,12.4,33.3,1010.5,,A_GUARDA
2018-11-11,13.5,10.1,15.1,,,280.0,7.6,29.6,1009.4,,A_GUARDA
2018-11-12,10.2,7.9,14.9,,,45.0,4.6,14.8,1017.0,,A_GUARDA
2018-11-13,9.8,5.3,15.6,,,56.0,5.2,16.7,1024.0,,A_GUARDA
2018-11-14,12.6,7.9,18.5,,,73.0,5.9,16.7,1018.6,,A_GUARDA
2018-11-15,15.1,12.6,19.3,,,56.0,5.8,18.5,1015.4,,A_GUARDA
2018-11-16,14.4,10.8,19.2,,,71.0,5.5,16.7,1015.4,,A_GUARDA
2018-11-17,15.6,12.4,20.4,,,91.0,8.1,24.1,1009.2,,A_GUARDA
2018-11-18,15.8,12.6,18.6,,,91.0,7.5,24.1,1002.1,,A_GUARDA
2018-11-19,13.0,11.5,16.2,,,103.0,4.1,14.8,1002.8,,A_GUARDA
2018-11-20,11.6,9.5,13.6,,,319.0,4.7,14.8,1002.1,,A_GUARDA
2018-11-21,10.2,8.7,12.8,,,234.0,8.4,29.6,1007.9,,A_GUARDA
2018-11-22,10.1,8.6,12.4,,,201.0,9.5,29.6,1011.4,,A_GUARDA
2018-11-23,9.8,7.1,12.1,,,269.0,6.4,22.2,1014.4,,A_GUARDA
2018-11-24,11.9,10.6,13.0,,,198.0,9.8,38.9,1011.8,,A_GUARDA
2018-11-25,10.0,7.1,11.6,,,35.0,6.2,27.8,1010.9,,A_GUARDA
2018-11-26,11.3,7.6,14.0,,,348.0,9.9,40.8,1020.6,,A_GUARDA
2018-11-27,10.1,6.8,13.2,,,138.0,7.6,27.8,1023.4,,A_GUARDA
2018-11-28,13.1,11.7,15.0,,,179.0,12.4,44.5,1020.8,,A_GUARDA
2018-11-29,12.7,10.3,14.2,,,224.0,9.3,40.8,1017.1,,A_GUARDA
2018-11-30,10.3,7.8,13.7,,,82.0,4.1,13.0,1023.8,,A_GUARDA
2018-12-01,12.1,9.2,14.4,,,172.0,7.1,27.8,1024.4,,A_GUARDA
2018-12-02,14.3,13.6,15.0,,,201.0,9.0,33.3,1023.4,,A_GUARDA
2018-12-03,14.4,12.9,15.0,,,173.0,7.1,24.1,1023.1,,A_GUARDA
2018-12-04,13.1,10.6,16.5,,,105.0,5.7,20.4,1022.1,,A_GUARDA
2018-12-05,12.4,8.8,15.5,,,73.0,8.1,31.5,1026.4,,A_GUARDA
2018-12-06,12.5,9.9,14.9,,,19.0,7.8,31.5,1031.0,,A_GUARDA
2018-12-07,11.4,10.0,13.7,,,25.0,7.1,37.0,1031.3,,A_GUARDA
2018-12-08,10.1,7.2,13.8,,,25.0,7.0,29.6,1032.7,,A_GUARDA
2018-12-09,11.3,8.8,15.7,,,89.0,9.1,33.3,1032.0,,A_GUARDA
2018-12-10,11.4,8.2,16.7,,,121.0,10.1,38.9,1027.3,,A_GUARDA
2018-12-11,10.8,7.7,14.5,,,135.0,8.4,37.0,1023.3,,A_GUARDA
2018-12-12,11.5,9.2,13.6,,,152.0,12.8,51.8,1019.9,,A_GUARDA
2018-12-13,10.7,8.2,13.3,,,333.0,11.0,40.8,1016.0,,A_GUARDA
2018-12-14,9.6,6.4,12.4,,,113.0,6.2,25.9,1024.8,,A_GUARDA
2018-12-15,13.6,12.6,14.4,,,215.0,14.1,40.8,1022.0,,A_GUARDA
2018-12-16,11.5,8.4,13.3,,,306.0,7.6,25.9,1022.5,,A_GUARDA
2018-12-17,9.9,6.6,13.6,,,141.0,8.6,37.0,1026.5,,A_GUARDA
2018-12-18,11.6,10.4,12.7,,,244.0,16.8,59.3,1017.9,,A_GUARDA
2018-12-19,11.6,10.6,12.9,,,292.0,9.0,25.9,1023.6,,A_GUARDA
2018-12-20,12.7,11.1,14.1,,,250.0,6.9,29.6,1026.6,,A_GUARDA
2018-12-21,13.8,13.2,14.4,,,206.0,11.7,37.0,1029.4,,A_GUARDA
2018-12-22,13.2,10.2,15.4,,,117.0,5.0,20.4,1030.8,,A_GUARDA
2018-12-23,11.4,9.0,15.5,,,101.0,6.2,16.7,1028.8,,A_GUARDA
2018-12-24,10.6,7.6,16.0,,,74.0,5.8,18.5,1028.6,,A_GUARDA
2018-12-25,9.7,6.5,14.8,,,117.0,5.0,22.2,1026.7,,A_GUARDA
2018-12-26,10.5,6.5,15.2,,,122.0,6.5,20.4,1027.3,,A_GUARDA
2018-12-27,11.8,10.6,13.8,,,103.0,4.8,16.7,1027.7,,A_GUARDA
2018-12-28,11.5,8.6,15.2,,,44.0,4.4,22.2,1030.2,,A_GUARDA
2018-12-29,10.0,7.1,15.8,,,61.0,5.8,18.5,1030.0,,A_GUARDA
2018-12-30,9.0,5.0,15.3,,,59.0,5.4,18.5,1029.6,,A_GUARDA
2018-12-31,8.1,2.8,14.8,,,7.0,7.6,35.2,1030.7,,A_GUARDA
2019-01-01,7.6,3.0,13.7,,,307.0,10.3,31.5,1032.9,,A_GUARDA
2019-01-02,6.1,1.5,11.5,,,345.0,7.0,33.3,1031.1,,A_GUARDA
2019-01-03,6.1,2.4,12.3,,,57.0,5.8,18.5,1028.1,,A_GUARDA
2019-01-04,5.9,1.5,12.7,,,67.0,5.4,18.5,1031.0,,A_GUARDA
2019-01-05,5.9,0.6,13.0,,,49.0,5.8,16.7,1034.5,,A_GUARDA
2019-01-06,6.4,1.4,13.3,,,347.0,8.6,24.1,1032.9,,A_GUARDA
2019-01-07,7.4,3.3,14.2,,,8.0,8.0,27.8,1031.2,,A_GUARDA
2019-01-08,7.2,3.6,12.9,,,36.0,7.6,24.1,1030.4,,A_GUARDA
2019-01-09,8.1,3.9,13.9,,,46.0,7.1,20.4,1025.3,,A_GUARDA
2019-01-10,8.0,4.8,13.1,,,59.0,8.1,25.9,1022.2,,A_GUARDA
2019-01-11,6.3,2.9,11.6,,,68.0,7.0,33.3,1027.9,,A_GUARDA
2019-01-12,5.8,1.5,11.9,,,56.0,6.4,18.5,1031.7,,A_GUARDA
2019-01-13,6.3,2.8,12.3,,,51.0,6.2,24.1,1030.7,,A_GUARDA
2019-01-14,6.7,2.5,12.6,,,50.0,6.1,27.8,1025.5,,A_GUARDA
2019-01-15,7.3,3.4,12.6,,,103.0,6.6,18.5,1020.8,,A_GUARDA
2019-01-16,8.6,7.2,11.0,,,326.0,9.1,46.3,1019.4,,A_GUARDA
2019-01-17,8.2,5.3,12.3,,,9.0,7.2,24.1,1022.7,,A_GUARDA
2019-01-18,6.2,3.2,8.9,,,110.0,5.8,22.2,1020.9,,A_GUARDA
2019-01-19,10.1,7.4,12.3,,,238.0,11.0,29.6,1012.6,,A_GUARDA
2019-01-20,10.0,7.8,12.7,,,352.0,8.5,29.6,1020.3,,A_GUARDA
2019-01-21,8.2,4.8,12.5,,,6.0,5.9,22.2,1025.6,,A_GUARDA
2019-01-22,9.1,6.1,11.6,,,356.0,6.9,27.8,1023.1,,A_GUARDA
2019-01-23,12.3,10.7,14.1,,,336.0,12.5,38.9,1019.1,,A_GUARDA
2019-01-24,12.9,10.3,15.5,,,351.0,10.1,33.3,1019.4,,A_GUARDA
2019-01-25,10.8,7.6,15.2,,,12.0,7.1,24.1,1022.2,,A_GUARDA
2019-01-26,8.9,5.3,13.6,,,37.0,5.4,18.5,1021.6,,A_GUARDA
2019-01-27,10.4,8.6,13.3,,,359.0,8.2,33.3,1023.4,,A_GUARDA
2019-01-28,10.8,9.1,13.2,,,347.0,7.6,31.5,1025.0,,A_GUARDA
2019-01-29,9.9,7.9,12.3,,,329.0,10.1,35.2,1020.1,,A_GUARDA
2019-01-30,9.7,6.3,13.4,,,224.0,10.9,35.2,1012.5,,A_GUARDA
2019-01-31,12.8,10.6,13.7,,,293.0,18.3,40.8,1001.5,,A_GUARDA
2019-02-01,9.4,8.5,10.6,,,306.0,22.3,51.8,997.1,,A_GUARDA
2019-02-02,7.8,5.6,11.2,,,353.0,9.2,33.3,1019.2,,A_GUARDA
2019-02-03,5.3,1.0,10.0,,,67.0,4.1,13.0,1029.8,,A_GUARDA
2019-02-04,6.4,1.9,11.7,,,124.0,5.8,16.7,1030.7,,A_GUARDA
2019-02-05,8.7,4.9,13.5,,,115.0,5.1,14.8,1030.2,,A_GUARDA
2019-02-06,8.7,4.7,12.7,,,133.0,5.2,14.8,1027.4,,A_GUARDA
2019-02-07,9.5,6.6,13.2,,,78.0,4.8,13.0,1026.7,,A_GUARDA
2019-02-08,9.4,6.3,12.4,,,145.0,7.0,27.8,1024.0,,A_GUARDA
2019-02-09,12.0,10.4,13.7,,,178.0,9.6,33.3,1021.8,,A_GUARDA
2019-02-10,12.0,7.5,14.0,,,276.0,12.0,38.9,1022.7,,A_GUARDA
2019-02-11,7.9,3.2,13.3,,,49.0,5.4,18.5,1030.3,,A_GUARDA
2019-02-12,8.4,3.9,15.0,,,77.0,5.9,18.5,1030.4,,A_GUARDA
2019-02-13,9.4,4.5,16.3,,,107.0,6.0,18.5,1028.7,,A_GUARDA
2019-02-14,11.9,6.8,18.9,,,123.0,7.8,24.1,1024.7,,A_GUARDA
2019-02-15,12.2,9.1,17.4,,,77.0,5.5,18.5,1024.8,,A_GUARDA
2019-02-16,11.1,6.2,17.8,,,118.0,5.6,16.7,1022.8,,A_GUARDA
2019-02-17,10.6,7.7,14.3,,,104.0,6.7,24.1,1020.1,,A_GUARDA
2019-02-18,10.0,7.4,13.1,,,7.0,8.9,29.6,1019.2,,A_GUARDA
2019-02-19,7.3,3.4,12.3,,,22.0,5.7,18.5,1021.2,,A_GUARDA
2019-02-20,8.2,3.5,13.4,,,126.0,6.2,20.4,1022.2,,A_GUARDA
2019-02-21,12.1,7.7,18.3,,,136.0,7.5,27.8,1023.8,,A_GUARDA
2019-02-22,14.2,9.6,20.4,,,136.0,7.5,27.8,1026.9,,A_GUARDA
2019-02-23,14.2,10.7,18.2,,,77.0,5.5,16.7,1029.7,,A_GUARDA
2019-02-24,13.2,8.4,20.0,,,75.0,6.4,18.5,1028.9,,A_GUARDA
2019-02-25,13.3,8.6,20.0,,,89.0,6.2,16.7,1029.2,,A_GUARDA
2019-02-26,14.1,8.8,20.8,,,100.0,6.5,18.5,1024.8,,A_GUARDA
2019-02-27,12.2,9.0,15.7,,,129.0,6.5,25.9,1027.9,,A_GUARDA
2019-02-28,10.0,5.0,14.7,,,27.0,6.2,22.2,1031.3,,A_GUARDA
2019-03-01,11.1,6.6,15.5,,,12.0,4.6,16.7,1028.1,,A_GUARDA
2019-03-02,12.4,10.2,16.1,,,114.0,5.2,16.7,1028.1,,A_GUARDA
2019-03-03,12.6,10.2,15.1,,,197.0,14.1,44.5,1021.5,,A_GUARDA
2019-03-04,11.9,10.0,14.4,,,282.0,8.3,27.8,1021.1,,A_GUARDA
2019-03-05,12.4,9.7,14.7,,,181.0,15.1,50.0,1011.1,,A_GUARDA
2019-03-06,11.5,9.3,14.0,,,271.0,15.8,42.6,1005.0,,A_GUARDA
2019-03-07,10.0,7.7,12.1,,,267.0,9.1,35.2,1015.2,,A_GUARDA
2019-03-08,10.6,6.8,14.4,,,0.0,6.0,22.2,1025.5,,A_GUARDA
2019-03-09,12.4,10.0,16.0,,,44.0,5.0,14.8,1032.1,,A_GUARDA
2019-03-10,12.6,10.6,15.7,,,22.0,6.1,22.2,1033.2,,A_GUARDA
2019-03-11,11.4,7.4,15.8,,,2.0,6.9,22.2,1031.5,,A_GUARDA
2019-03-12,10.0,5.9,14.1,,,9.0,6.5,24.1,1029.5,,A_GUARDA
2019-03-13,9.6,5.5,14.1,,,11.0,9.2,35.2,1033.8,,A_GUARDA
2019-03-14,9.7,4.5,14.8,,,16.0,9.2,31.5,1032.9,,A_GUARDA
2019-03-15,10.5,5.5,15.8,,,19.0,7.6,25.9,1027.4,,A_GUARDA
2019-03-16,10.2,5.9,14.4,,,9.0,6.5,20.4,1022.1,,A_GUARDA
2019-03-17,10.8,8.0,14.4,,,31.0,9.0,37.0,1023.5,,A_GUARDA
2019-03-18,10.7,5.5,16.3,,,23.0,10.0,33.3,1027.6,,A_GUARDA
2019-03-19,12.0,6.5,17.6,,,30.0,9.3,29.6,1027.5,,A_GUARDA
2019-03-20,12.5,8.2,17.2,,,51.0,7.6,24.1,1028.0,,A_GUARDA
2019-03-21,12.0,8.0,17.7,,,71.0,8.3,24.1,1026.6,,A_GUARDA
2019-03-22,11.9,6.1,18.2,,,65.0,7.2,22.2,1026.2,,A_GUARDA
2019-03-23,13.7,6.7,20.2,,,39.0,7.6,24.1,1024.0,,A_GUARDA
2019-03-24,16.0,10.0,21.5,,,40.0,7.7,24.1,1022.0,,A_GUARDA
2019-03-25,16.5,11.1,22.6,,,65.0,8.9,24.1,1020.1,,A_GUARDA
2019-03-26,16.3,12.0,22.3,,,84.0,12.1,33.3,1017.4,,A_GUARDA
2019-03-27,15.8,12.2,22.0,,,76.0,11.3,31.5,1021.6,,A_GUARDA
2019-03-28,14.7,8.7,22.0,,,75.0,9.7,27.8,1024.2,,A_GUARDA
2019-03-29,13.5,7.4,19.9,,,87.0,7.2,20.4,1021.2,,A_GUARDA
2019-03-30,12.4,6.4,17.9,,,39.0,7.2,24.1,1018.0,,A_GUARDA
2019-03-31,13.9,9.0,18.7,,,19.0,6.6,22.2,1012.6,,A_GUARDA
2019-04-01,13.8,9.8,18.5,,,84.0,6.1,18.5,1013.1,,A_GUARDA
2019-04-02,12.3,8.0,16.7,,,7.0,9.6,38.9,1017.9,,A_GUARDA
2019-04-03,10.3,7.5,14.0,,,1.0,11.6,44.5,1014.9,,A_GUARDA
2019-04-04,8.0,3.3,11.4,,,344.0,8.3,37.0,1006.1,,A_GUARDA
2019-04-05,8.6,6.0,10.7,,,274.0,9.4,25.9,1000.4,,A_GUARDA
2019-04-06,9.9,8.0,12.6,,,296.0,15.1,38.9,1004.6,,A_GUARDA
2019-04-07,10.7,8.4,12.8,,,231.0,10.1,35.2,1009.7,,A_GUARDA
2019-04-08,12.5,10.2,14.9,,,258.0,11.7,37.0,1013.2,,A_GUARDA
2019-04-09,11.5,9.5,13.8,,,281.0,10.8,29.6,1014.7,,A_GUARDA
2019-04-10,12.3,10.2,15.2,,,329.0,9.3,31.5,1019.7,,A_GUARDA
2019-04-11,11.1,5.8,15.5,,,,6.1,27.8,1021.8,,A_GUARDA
2019-04-12,11.4,5.4,16.1,,,,4.5,16.7,1020.6,,A_GUARDA
2019-04-13,12.7,9.7,15.7,,,134.0,5.9,20.4,1019.7,,A_GUARDA
2019-04-14,15.5,13.9,17.7,,,151.0,5.8,20.4,1017.2,,A_GUARDA
2019-04-15,14.4,10.9,15.8,,,276.0,7.1,24.1,1013.8,,A_GUARDA
2019-04-16,12.9,8.7,18.4,,,129.0,6.0,22.2,1015.9,,A_GUARDA
2019-04-17,12.7,10.3,15.1,,,137.0,8.2,29.6,1007.8,,A_GUARDA
2019-04-18,13.6,10.9,16.9,,,37.0,6.8,22.2,1012.4,,A_GUARDA
2019-04-19,15.0,10.2,20.2,,,9.0,7.1,24.1,1015.9,,A_GUARDA
2019-04-20,18.5,12.2,23.8,,,19.0,7.9,25.9,1017.4,,A_GUARDA
2019-04-21,18.0,12.7,22.8,,,17.0,7.8,27.8,1013.0,,A_GUARDA
2019-04-22,13.6,10.1,16.8,,,222.0,6.7,27.8,1002.7,,A_GUARDA
2019-04-23,10.0,7.9,12.8,,,277.0,7.4,22.2,998.8,,A_GUARDA
2019-04-24,11.3,9.0,13.9,,,240.0,13.7,40.8,999.4,,A_GUARDA
2019-04-25,11.5,9.1,13.8,,,276.0,13.5,48.2,1010.7,,A_GUARDA
2019-04-26,12.6,9.6,15.4,,,346.0,5.6,27.8,1026.7,,A_GUARDA
2019-04-27,12.5,6.3,18.0,,,24.0,4.8,33.3,1028.5,,A_GUARDA
2019-04-28,15.0,9.4,20.6,,,29.0,4.5,24.1,1022.1,,A_GUARDA
2019-04-29,13.8,9.5,17.5,,,1.0,5.5,35.2,1019.1,,A_GUARDA
2019-04-30,13.9,8.8,18.5,,,,5.6,37.0,1018.3,,A_GUARDA
2019-05-01,15.7,10.6,20.9,,,2.0,5.9,40.8,1014.7,,A_GUARDA
2019-05-02,16.7,10.7,22.2,,,33.0,5.9,31.5,1013.9,,A_GUARDA
2019-05-03,16.9,12.2,21.5,,,31.0,7.2,37.0,1012.8,,A_GUARDA
2019-05-04,16.0,11.0,20.9,,,36.0,5.8,27.8,1014.1,,A_GUARDA
2019-05-05,15.8,11.0,21.6,,,66.0,5.3,24.1,1016.3,,A_GUARDA
2019-05-06,14.4,12.3,17.2,,,,3.4,24.1,1019.7,,A_GUARDA
2019-05-07,15.3,13.3,17.6,,,277.0,8.0,37.0,1016.4,,A_GUARDA
2019-05-08,15.2,13.2,16.3,,,287.0,10.2,42.6,1013.4,,A_GUARDA
2019-05-09,14.5,12.4,16.2,,,271.0,7.9,38.9,1013.3,,A_GUARDA
2019-05-10,15.9,12.7,17.4,,,,6.9,29.6,1016.6,,A_GUARDA
2019-05-11,15.7,10.5,20.8,,,36.0,4.7,31.5,1023.1,,A_GUARDA
2019-05-12,20.1,13.5,27.3,,,95.0,7.5,29.6,1021.4,,A_GUARDA
2019-05-13,20.6,14.1,26.6,,,76.0,7.0,29.6,1018.8,,A_GUARDA
2019-05-14,20.0,15.1,26.1,,,76.0,5.8,25.9,1015.5,,A_GUARDA
2019-05-15,15.9,12.3,19.1,,,,5.1,33.3,1015.1,,A_GUARDA
2019-05-16,14.3,12.3,16.5,,,,6.3,40.8,1015.4,,A_GUARDA
2019-05-17,13.7,11.5,16.2,,,350.0,6.7,38.9,1017.2,,A_GUARDA
2019-05-18,12.5,8.4,15.9,,,13.0,4.7,31.5,1017.1,,A_GUARDA
2019-05-19,12.4,6.4,17.0,,,24.0,5.8,35.2,1016.1,,A_GUARDA
2019-05-20,12.7,7.6,17.0,,,,3.5,24.1,1015.7,,A_GUARDA
2019-05-21,15.1,10.7,19.0,,,29.0,5.5,29.6,1017.2,,A_GUARDA
2019-05-22,15.1,11.1,19.1,,,,4.9,27.8,1018.6,,A_GUARDA
2019-05-23,14.9,12.3,17.9,,,7.0,5.5,31.5,1020.7,,A_GUARDA
2019-05-24,16.4,10.8,21.7,,,1.0,6.0,38.9,1020.4,,A_GUARDA
2019-05-25,18.5,13.5,23.5,,,5.0,6.3,35.2,1021.2,,A_GUARDA
2019-05-26,18.5,13.4,22.4,,,355.0,6.6,40.8,1020.8,,A_GUARDA
2019-05-27,17.6,13.5,21.4,,,344.0,6.3,40.8,1017.9,,A_GUARDA
2019-05-28,17.7,11.0,23.7,,,11.0,6.6,40.8,1018.9,,A_GUARDA
2019-05-29,20.0,13.9,25.2,,,27.0,6.3,27.8,1021.6,,A_GUARDA
2019-05-30,22.8,17.5,28.4,,,47.0,6.2,25.9,1021.7,,A_GUARDA
2019-05-31,22.6,16.8,28.6,,,,5.2,24.1,1019.6,,A_GUARDA
2019-06-01,19.4,13.3,25.5,,,,4.4,24.1,1018.7,,A_GUARDA
2019-06-02,17.1,13.6,20.2,,,,3.8,25.9,1018.8,,A_GUARDA
2019-06-03,17.2,15.1,19.7,,,,3.6,22.2,1017.9,,A_GUARDA
2019-06-04,16.2,13.3,18.6,,,346.0,5.9,31.5,1014.7,,A_GUARDA
2019-06-05,13.9,10.3,16.7,,,347.0,4.7,31.5,1017.4,,A_GUARDA
2019-06-06,13.7,12.0,16.5,,,261.0,8.5,53.7,1010.8,,A_GUARDA
2019-06-07,13.9,11.0,17.6,,,,6.2,35.2,1018.9,,A_GUARDA
2019-06-08,13.4,8.4,18.4,,,25.0,6.3,37.0,1022.4,,A_GUARDA
2019-06-09,13.7,8.4,17.6,,,17.0,4.9,27.8,1021.4,,A_GUARDA
2019-06-10,14.1,8.7,18.8,,,18.0,6.3,37.0,1021.3,,A_GUARDA
2019-06-11,16.3,11.5,21.1,,,25.0,6.6,38.9,1018.6,,A_GUARDA
2019-06-12,14.4,10.0,18.5,,,18.0,7.2,38.9,1016.8,,A_GUARDA
2019-06-13,13.8,9.1,17.9,,,8.0,6.2,31.5,1013.8,,A_GUARDA
2019-06-14,13.7,8.2,17.8,,,,4.1,25.9,1016.4,,A_GUARDA
2019-06-15,15.1,11.8,18.9,,,,5.2,27.8,1022.0,,A_GUARDA
2019-06-16,14.7,9.5,19.2,,,,6.2,35.2,1019.9,,A_GUARDA
2019-06-17,14.5,10.2,18.1,,,,3.7,22.2,1017.1,,A_GUARDA
2019-06-18,16.5,13.0,19.2,,,211.0,7.1,38.9,1012.1,,A_GUARDA
2019-06-19,17.6,15.2,20.0,,,285.0,5.4,22.2,1015.9,,A_GUARDA
2019-06-20,16.1,13.6,19.2,,,21.0,5.6,31.5,1017.2,,A_GUARDA
2019-06-21,16.1,12.0,20.4,,,,5.5,29.6,1018.6,,A_GUARDA
2019-06-22,16.9,13.4,20.4,,,,4.5,25.9,1015.0,,A_GUARDA
2019-06-23,18.4,15.6,21.2,,,,5.1,27.8,1012.9,,A_GUARDA
2019-06-24,17.7,14.9,20.9,,,194.0,4.1,24.1,1015.2,,A_GUARDA
2019-06-25,17.6,13.5,21.5,,,4.0,4.1,22.2,1016.7,,A_GUARDA
2019-06-26,17.9,15.9,20.9,,,,3.8,20.4,1016.1,,A_GUARDA
2019-06-27,17.9,14.6,21.6,,,,3.9,22.2,1018.0,,A_GUARDA
2019-06-28,17.5,12.4,22.0,,,,6.5,35.2,1018.5,,A_GUARDA
2019-06-29,18.2,14.7,21.4,,,317.0,7.8,38.9,1017.4,,A_GUARDA
2019-06-30,17.9,14.7,21.0,,,305.0,8.3,37.0,1018.6,,A_GUARDA
2019-07-01,18.7,15.3,23.2,,,325.0,6.0,33.3,1019.1,,A_GUARDA
2019-07-02,19.0,14.7,23.4,,,336.0,4.8,27.8,1014.8,,A_GUARDA
2019-07-03,18.4,15.8,21.6,,,2.0,4.0,22.2,1012.8,,A_GUARDA
2019-07-04,18.6,15.3,22.6,,,,3.7,24.1,1014.8,,A_GUARDA
2019-07-05,18.8,15.5,22.4,,,14.0,3.9,24.1,1017.4,,A_GUARDA
2019-07-06,18.9,15.0,23.3,,,,3.9,25.9,1016.4,,A_GUARDA
2019-07-07,18.2,15.1,21.5,,,,4.8,27.8,1016.2,,A_GUARDA
2019-07-08,18.3,16.0,21.1,,,,4.1,22.2,1014.8,,A_GUARDA
2019-07-09,19.4,15.6,23.9,,,27.0,5.8,29.6,1016.4,,A_GUARDA
2019-07-10,22.1,17.3,27.6,,,28.0,6.1,27.8,1015.2,,A_GUARDA
2019-07-11,21.3,17.1,25.9,,,0.0,5.7,29.6,1014.3,,A_GUARDA
2019-07-12,22.1,17.7,27.5,,,4.0,4.5,20.4,1014.2,,A_GUARDA
2019-07-13,20.5,18.5,23.5,,,344.0,4.7,24.1,1015.4,,A_GUARDA
2019-07-14,19.2,17.0,22.6,,,20.0,5.7,27.8,1016.3,,A_GUARDA
2019-07-15,18.7,16.5,21.6,,,351.0,6.6,33.3,1015.9,,A_GUARDA
2019-07-16,19.7,15.8,24.8,,,335.0,6.6,33.3,1014.0,,A_GUARDA
2019-07-17,19.7,15.5,24.1,,,330.0,8.2,42.6,1015.5,,A_GUARDA
2019-07-18,19.5,13.8,24.6,,,350.0,8.1,37.0,1017.1,,A_GUARDA
2019-07-19,18.9,15.4,22.2,,,340.0,7.9,38.9,1015.2,,A_GUARDA
2019-07-20,19.1,16.0,22.6,,,346.0,7.6,37.0,1017.7,,A_GUARDA
2019-07-21,18.9,14.1,23.7,,,343.0,7.5,37.0,1019.5,,A_GUARDA
2019-07-22,19.1,15.5,23.1,,,327.0,4.8,24.1,1017.8,,A_GUARDA
2019-07-23,18.0,16.1,20.8,,,342.0,5.3,27.8,1016.9,,A_GUARDA
2019-07-24,18.8,14.7,23.3,,,346.0,4.9,24.1,1015.8,,A_GUARDA
2019-07-25,20.0,17.3,21.3,,,,5.0,22.2,1015.3,,A_GUARDA
2019-07-26,18.3,15.4,21.6,,,346.0,5.6,29.6,1018.0,,A_GUARDA
2019-07-27,18.5,16.3,21.7,,,284.0,5.4,22.2,1012.4,,A_GUARDA
2019-07-28,17.7,13.4,22.1,,,23.0,4.8,27.8,1013.7,,A_GUARDA
2019-07-29,18.7,16.0,21.7,,,350.0,6.2,31.5,1016.7,,A_GUARDA
2019-07-30,17.8,12.5,23.0,,,13.0,7.6,38.9,1021.0,,A_GUARDA
2019-07-31,18.5,12.8,23.4,,,4.0,6.8,35.2,1016.4,,A_GUARDA
2019-08-01,17.8,13.4,22.3,,,332.0,6.0,29.6,1015.0,,A_GUARDA
2019-08-02,17.5,14.4,20.7,,,358.0,5.9,31.5,1017.4,,A_GUARDA
2019-08-03,18.3,15.0,22.2,,,350.0,6.7,31.5,1016.8,,A_GUARDA
2019-08-04,18.8,15.9,22.5,,,350.0,6.6,33.3,1017.8,,A_GUARDA
2019-08-05,18.1,12.6,23.0,,,,5.4,29.6,1017.6,,A_GUARDA
2019-08-06,19.3,17.0,22.2,,,23.0,4.1,20.4,1015.7,,A_GUARDA
2019-08-07,19.9,18.5,21.3,,,244.0,6.3,27.8,1013.6,,A_GUARDA
2019-08-08,21.0,20.2,22.1,,,233.0,9.4,38.9,1011.9,,A_GUARDA
2019-08-09,19.9,17.6,22.1,,,256.0,9.1,33.3,1016.0,,A_GUARDA
2019-08-10,18.5,15.6,22.2,,,343.0,6.0,27.8,1021.3,,A_GUARDA
2019-08-11,17.0,13.1,21.1,,,9.0,5.8,25.9,1022.0,,A_GUARDA
2019-08-12,17.1,11.9,22.2,,,20.0,6.7,35.2,1023.2,,A_GUARDA
2019-08-13,17.8,12.6,23.1,,,33.0,6.2,33.3,1021.8,,A_GUARDA
2019-08-14,18.4,13.6,23.0,,,18.0,6.3,31.5,1021.6,,A_GUARDA
2019-08-15,19.5,15.5,23.6,,,352.0,6.7,37.0,1020.9,,A_GUARDA
2019-08-16,18.8,14.8,22.9,,,2.0,6.7,33.3,1019.6,,A_GUARDA
2019-08-17,19.6,15.7,23.6,,,19.0,4.2,22.2,1017.5,,A_GUARDA
2019-08-18,19.5,16.0,21.8,,,345.0,6.9,35.2,1016.3,,A_GUARDA
2019-08-19,18.0,13.4,22.8,,,14.0,6.7,35.2,1018.3,,A_GUARDA
2019-08-20,19.4,13.1,25.5,,,1.0,5.9,29.6,1019.1,,A_GUARDA
2019-08-21,22.3,18.3,26.5,,,47.0,6.9,25.9,1017.9,,A_GUARDA
2019-08-22,23.2,17.8,28.8,,,63.0,6.4,22.2,1017.5,,A_GUARDA
2019-08-23,20.8,16.5,24.6,,,59.0,6.3,24.1,1016.8,,A_GUARDA
2019-08-24,17.6,14.2,21.6,,,27.0,6.3,33.3,1018.2,,A_GUARDA
2019-08-25,17.1,13.8,20.8,,,0.0,4.7,24.1,1015.6,,A_GUARDA
2019-08-26,19.4,16.1,23.3,,,43.0,4.5,22.2,1014.4,,A_GUARDA
2019-08-27,17.7,14.4,21.2,,,56.0,4.6,24.1,1016.8,,A_GUARDA
2019-08-28,17.7,14.6,21.8,,,23.0,5.6,29.6,1018.5,,A_GUARDA
2019-08-29,16.8,12.5,21.4,,,35.0,4.6,27.8,1019.6,,A_GUARDA
2019-08-30,16.4,13.5,19.8,,,,4.0,20.4,1019.7,,A_GUARDA
2019-08-31,17.9,15.3,21.8,,,,6.2,35.2,1018.1,,A_GUARDA
2019-09-01,19.3,13.7,25.6,,,30.0,5.8,37.0,1016.1,,A_GUARDA
2019-09-02,22.9,16.8,28.5,,,64.0,7.9,25.9,1016.3,,A_GUARDA
2019-09-03,23.7,17.8,29.4,,,71.0,8.3,24.1,1018.7,,A_GUARDA
2019-09-04,20.7,14.0,25.7,,,67.0,6.1,33.3,1019.1,,A_GUARDA
2019-09-05,22.4,17.4,28.5,,,74.0,6.6,31.5,1019.5,,A_GUARDA
2019-09-06,21.4,15.7,26.6,,,69.0,8.5,27.8,1019.3,,A_GUARDA
2019-09-07,21.6,15.8,27.6,,,68.0,8.3,31.5,1018.5,,A_GUARDA
2019-09-08,20.6,15.8,25.5,,,64.0,8.7,29.6,1016.9,,A_GUARDA
2019-09-09,15.9,11.7,19.6,,,31.0,6.8,35.2,1018.5,,A_GUARDA
2019-09-10,17.0,12.6,21.8,,,12.0,7.6,42.6,1022.4,,A_GUARDA
2019-09-11,18.2,12.9,24.0,,,27.0,6.2,31.5,1024.3,,A_GUARDA
2019-09-12,21.1,16.7,26.6,,,57.0,7.4,27.8,1025.1,,A_GUARDA
2019-09-13,23.3,18.5,29.9,,,68.0,7.3,25.9,1021.7,,A_GUARDA
2019-09-14,23.2,19.6,27.6,,,70.0,7.2,27.8,1020.3,,A_GUARDA
2019-09-15,21.3,17.4,24.5,,,72.0,6.1,24.1,1019.0,,A_GUARDA
2019-09-16,19.0,16.2,22.6,,,70.0,4.2,18.5,1018.0,,A_GUARDA
2019-09-17,17.4,15.1,19.7,,,,3.6,18.5,1016.7,,A_GUARDA
2019-09-18,16.8,15.1,19.0,,,57.0,3.9,20.4,1016.8,,A_GUARDA
2019-09-19,16.3,14.8,18.0,,,,3.4,18.5,1017.4,,A_GUARDA
2019-09-20,17.7,15.6,20.6,,,99.0,3.4,20.4,1014.1,,A_GUARDA
2019-09-21,17.9,16.5,19.4,,,200.0,7.5,37.0,1008.7,,A_GUARDA
2019-09-22,17.4,14.9,20.7,,,281.0,4.4,20.4,1015.9,,A_GUARDA
2019-09-23,17.6,15.0,20.5,,,201.0,6.5,29.6,1020.1,,A_GUARDA
2019-09-24,18.8,15.2,20.9,,,,5.1,29.6,1019.8,,A_GUARDA
2019-09-25,16.5,13.3,20.2,,,,2.3,18.5,1021.8,,A_GUARDA
2019-09-26,16.4,12.9,20.9,,,,2.4,18.5,1021.6,,A_GUARDA
2019-09-27,16.1,12.8,19.8,,,,2.4,16.7,1022.3,,A_GUARDA
2019-09-28,14.4,10.6,19.5,,,,2.9,24.1,1021.4,,A_GUARDA
2019-09-29,15.9,10.7,20.4,,,100.0,3.7,18.5,1019.9,,A_GUARDA
2019-09-30,19.2,17.5,21.7,,,,2.7,16.7,1017.9,,A_GUARDA
2019-10-01,18.3,15.1,20.8,,,,3.1,18.5,1018.4,,A_GUARDA
2019-10-02,16.1,13.3,20.6,,,,2.8,24.1,1021.6,,A_GUARDA
2019-10-03,16.3,11.6,20.8,,,83.0,2.9,16.7,1021.5,,A_GUARDA
2019-10-04,17.5,13.8,21.0,,,,2.7,25.9,1019.8,,A_GUARDA
2019-10-05,14.9,10.9,20.1,,,,2.7,20.4,1019.8,,A_GUARDA
2019-10-06,16.1,12.7,20.9,,,,3.2,22.2,1022.1,,A_GUARDA
2019-10-07,15.7,10.9,20.5,,,18.0,3.6,24.1,1021.3,,A_GUARDA
2019-10-08,17.4,15.3,20.0,,,6.0,4.0,27.8,1020.3,,A_GUARDA
2019-10-09,16.2,12.5,21.2,,,9.0,6.2,35.2,1022.4,,A_GUARDA
2019-10-10,15.9,11.3,21.9,,,24.0,4.8,24.1,1019.8,,A_GUARDA
2019-10-11,15.2,11.5,19.9,,,,2.1,16.7,1017.1,,A_GUARDA
2019-10-12,16.3,13.1,20.0,,,206.0,3.7,25.9,1012.9,,A_GUARDA
2019-10-13,16.9,14.5,18.8,,,211.0,5.9,29.6,1011.1,,A_GUARDA
2019-10-14,13.7,11.4,15.9,,,286.0,5.5,29.6,1012.9,,A_GUARDA
2019-10-15,13.6,10.1,16.9,,,275.0,6.0,29.6,1020.3,,A_GUARDA
2019-10-16,16.3,15.4,17.1,,,217.0,13.7,42.6,1016.1,,A_GUARDA
2019-10-17,16.1,13.3,18.1,,,,5.9,29.6,1016.4,,A_GUARDA
2019-10-18,14.7,12.3,17.1,,,262.0,3.4,24.1,1017.1,,A_GUARDA
2019-10-19,14.3,11.2,15.7,,,331.0,6.9,27.8,1007.3,,A_GUARDA
2019-10-20,11.7,9.4,15.3,,,348.0,3.6,24.1,1013.0,,A_GUARDA
2019-10-21,10.4,7.2,14.8,,,58.0,3.0,20.4,1018.2,,A_GUARDA
2019-10-22,11.6,6.7,17.6,,,55.0,4.9,22.2,1016.4,,A_GUARDA
2019-10-23,13.0,9.8,16.5,,,345.0,5.5,31.5,1013.4,,A_GUARDA
2019-10-24,13.6,10.7,16.2,,,51.0,4.1,18.5,1019.5,,A_GUARDA
2019-10-25,14.9,11.9,20.0,,,129.0,4.5,18.5,1021.1,,A_GUARDA
2019-10-26,14.5,10.5,20.2,,,158.0,4.1,22.2,1018.4,,A_GUARDA
2019-10-27,15.5,12.8,20.4,,,134.0,3.6,16.7,1017.9,,A_GUARDA
2019-10-28,16.9,15.5,18.3,,,152.0,4.7,24.1,1016.2,,A_GUARDA
2019-10-29,17.4,16.3,19.4,,,121.0,3.9,20.4,1017.9,,A_GUARDA
2019-10-30,17.9,17.4,18.5,,,203.0,5.0,27.8,1020.8,,A_GUARDA
2019-10-31,18.0,16.9,19.0,,,17.0,2.8,16.7,1023.7,,A_GUARDA
2019-11-01,18.5,17.8,19.3,,,305.0,8.3,37.0,1019.4,,A_GUARDA
2019-11-02,16.6,14.9,17.8,,,315.0,9.2,35.2,1011.3,,A_GUARDA
2019-11-03,16.6,15.8,17.5,,,316.0,12.4,44.5,1011.1,,A_GUARDA
2019-11-04,15.3,12.3,17.0,,,312.0,16.8,42.6,1010.7,,A_GUARDA
2019-11-05,13.4,11.9,15.6,,,325.0,9.6,37.0,1015.8,,A_GUARDA
2019-11-06,12.6,10.9,14.0,,,335.0,4.5,22.2,1017.8,,A_GUARDA
2019-11-07,10.5,8.4,12.4,,,338.0,7.3,33.3,1017.0,,A_GUARDA
2019-11-08,9.8,7.8,13.1,,,351.0,5.9,31.5,1021.9,,A_GUARDA
2019-11-09,10.9,7.5,13.6,,,347.0,5.2,22.2,1023.0,,A_GUARDA
2019-11-10,10.9,9.3,11.9,,,350.0,3.2,22.2,1023.8,,A_GUARDA
2019-11-11,12.4,8.9,15.6,,,20.0,3.9,27.8,1021.2,,A_GUARDA
2019-11-12,11.1,7.1,15.5,,,27.0,6.5,42.6,1018.1,,A_GUARDA
2019-11-13,14.4,12.4,16.4,,,335.0,9.9,44.5,1014.3,,A_GUARDA
2019-11-14,10.6,8.4,12.5,,,326.0,15.1,53.7,1009.9,,A_GUARDA
2019-11-15,8.1,6.1,11.3,,,342.0,6.4,29.6,1012.5,,A_GUARDA
2019-11-16,7.5,3.4,10.7,,,26.0,2.8,18.5,1017.7,,A_GUARDA
2019-11-17,10.4,8.7,12.4,,,349.0,3.3,22.2,1015.7,,A_GUARDA
2019-11-18,8.6,5.4,12.9,,,,2.4,18.5,1019.2,,A_GUARDA
2019-11-19,8.3,5.2,10.7,,,126.0,4.9,24.1,1015.5,,A_GUARDA
2019-11-20,10.0,8.6,11.9,,,355.0,5.0,27.8,1007.8,,A_GUARDA
2019-11-21,10.9,9.1,13.1,,,14.0,4.2,24.1,1006.1,,A_GUARDA
2019-11-22,13.4,12.2,14.7,,,255.0,17.1,51.8,993.0,,A_GUARDA
2019-11-23,11.4,9.4,13.2,,,331.0,9.9,46.3,1008.4,,A_GUARDA
2019-11-24,11.8,8.1,14.7,,,267.0,9.2,37.0,1013.9,,A_GUARDA
2019-11-25,14.8,13.9,16.2,,,271.0,7.5,29.6,1014.0,,A_GUARDA
2019-11-26,15.7,14.1,16.7,,,248.0,14.3,46.3,1009.2,,A_GUARDA
2019-11-27,13.9,13.6,14.3,,,289.0,10.0,29.6,1012.1,,A_GUARDA
2019-11-28,15.0,14.6,15.5,,,272.0,8.3,35.2,1013.9,,A_GUARDA
2019-11-29,14.5,12.9,15.6,,,206.0,4.8,29.6,1018.5,,A_GUARDA
2019-11-30,14.7,12.3,16.3,,,290.0,10.6,35.2,1016.7,,A_GUARDA
2019-12-01,12.9,10.7,15.2,,,328.0,10.4,40.8,1011.6,,A_GUARDA
2019-12-02,11.0,7.6,15.6,,,27.0,5.8,22.2,1018.6,,A_GUARDA
2019-12-03,7.3,3.4,12.6,,,89.0,5.4,20.4,1017.2,,A_GUARDA
2019-12-04,6.3,1.7,12.3,,,50.0,5.4,20.4,1014.0,,A_GUARDA
2019-12-05,8.9,5.3,14.0,,,56.0,4.0,18.5,1019.7,,A_GUARDA
2019-12-06,8.7,5.6,12.6,,,,3.4,14.8,1023.7,,A_GUARDA
2019-12-07,9.8,6.6,12.5,,,101.0,3.3,13.0,1025.2,,A_GUARDA
2019-12-08,12.3,10.1,13.8,,,67.0,3.4,14.8,1026.8,,A_GUARDA
2019-12-09,8.8,6.3,12.4,,,39.0,2.9,16.7,1031.9,,A_GUARDA
2019-12-10,8.6,4.5,12.3,,,107.0,4.5,18.5,1028.9,,A_GUARDA
2019-12-11,10.7,9.0,12.7,,,352.0,4.1,22.2,1028.6,,A_GUARDA
2019-12-12,12.9,11.6,14.7,,,316.0,15.4,46.3,1022.0,,A_GUARDA
2019-12-13,14.0,12.9,14.8,,,326.0,12.2,40.8,1020.6,,A_GUARDA
2019-12-14,13.4,12.6,14.4,,,293.0,11.0,37.0,1017.9,,A_GUARDA
2019-12-15,12.2,10.1,14.0,,,228.0,8.3,40.8,1009.0,,A_GUARDA
2019-12-16,8.9,7.6,10.1,,,55.0,5.4,22.2,998.6,,A_GUARDA
2019-12-17,7.7,3.3,11.1,,,41.0,4.4,25.9,1007.8,,A_GUARDA
2019-12-18,13.2,10.8,14.6,,,213.0,19.7,59.3,1007.6,,A_GUARDA
2019-12-19,13.9,12.3,15.9,,,239.0,19.5,57.4,998.5,,A_GUARDA
2019-12-20,12.9,11.4,13.7,,,273.0,11.0,35.2,998.8,,A_GUARDA
2019-12-21,15.4,13.7,16.7,,,267.0,17.7,61.1,1004.0,,A_GUARDA
2019-12-22,14.0,10.4,15.8,,,298.0,12.0,42.6,1019.2,,A_GUARDA
2019-12-23,12.0,8.5,14.8,,,176.0,5.5,27.8,1026.7,,A_GUARDA
2019-12-24,14.6,12.8,16.9,,,111.0,2.8,14.8,1025.7,,A_GUARDA
2019-12-25,14.9,12.5,18.5,,,190.0,6.0,31.5,1022.2,,A_GUARDA
2019-12-26,10.2,6.1,13.9,,,82.0,2.4,14.8,1029.3,,A_GUARDA
2019-12-27,8.0,4.2,14.0,,,108.0,4.1,18.5,1028.4,,A_GUARDA
2019-12-28,9.4,5.2,15.7,,,111.0,4.5,20.4,1028.2,,A_GUARDA
2019-12-29,9.7,6.5,16.4,,,141.0,3.7,18.5,1028.8,,A_GUARDA
2019-12-30,8.5,4.7,14.0,,,,2.9,16.7,1031.4,,A_GUARDA
2019-12-31,7.6,4.9,12.3,,,124.0,2.8,14.8,1032.5,,A_GUARDA
2020-01-01,5.8,2.2,10.2,,,,2.7,13.0,1031.9,,A_GUARDA
2020-01-02,7.6,3.5,11.3,,,107.0,3.4,20.4,1030.6,,A_GUARDA
2020-01-03,10.7,8.8,13.0,,,92.0,2.7,14.8,1033.5,,A_GUARDA
2020-01-04,9.5,5.5,13.3,,,96.0,3.3,16.7,1034.8,,A_GUARDA
2020-01-05,6.6,3.6,11.3,,,,2.8,13.0,1031.5,,A_GUARDA
2020-01-06,5.8,2.8,10.1,,,119.0,2.6,13.0,1030.9,,A_GUARDA
2020-01-07,5.9,2.2,10.8,,,,2.7,14.8,1033.0,,A_GUARDA
2020-01-08,9.1,5.4,12.7,,,,2.1,11.1,1031.0,,A_GUARDA
2020-01-09,11.8,9.0,13.8,,,32.0,3.9,20.4,1028.8,,A_GUARDA
2020-01-10,7.9,4.5,12.3,,,79.0,2.5,16.7,1032.4,,A_GUARDA
2020-01-11,6.3,2.4,12.0,,,121.0,2.9,16.7,1032.5,,A_GUARDA
2020-01-12,5.7,2.3,11.0,,,,2.8,13.0,1031.9,,A_GUARDA
2020-01-13,8.2,3.9,12.0,,,175.0,8.2,35.2,1024.5,,A_GUARDA
2020-01-14,13.3,12.2,14.4,,,216.0,14.5,44.5,1016.7,,A_GUARDA
2020-01-15,13.8,11.0,14.7,,,228.0,8.4,46.3,1017.6,,A_GUARDA
2020-01-16,14.7,12.4,16.3,,,238.0,15.4,53.7,1019.7,,A_GUARDA
2020-01-17,10.8,9.2,13.2,,,,3.8,25.9,1030.2,,A_GUARDA
2020-01-18,12.2,9.4,15.0,,,0.0,9.4,35.2,1024.6,,A_GUARDA
2020-01-19,11.1,7.7,15.3,,,14.0,7.5,27.8,1029.4,,A_GUARDA
2020-01-20,7.6,4.3,12.5,,,15.0,7.6,31.5,1029.1,,A_GUARDA
2020-01-21,8.3,3.6,13.2,,,21.0,5.5,25.9,1023.0,,A_GUARDA
2020-01-22,10.6,7.4,15.7,,,37.0,4.8,22.2,1018.7,,A_GUARDA
2020-01-23,9.0,6.6,12.5,,,97.0,4.8,22.2,1016.5,,A_GUARDA
2020-01-24,9.9,6.7,14.7,,,65.0,4.3,20.4,1018.5,,A_GUARDA
2020-01-25,8.2,4.5,13.0,,,66.0,4.1,18.5,1018.0,,A_GUARDA
2020-01-26,10.0,6.2,14.1,,,167.0,6.7,29.6,1022.7,,A_GUARDA
2020-01-27,13.5,12.7,14.1,,,240.0,12.8,38.9,1020.2,,A_GUARDA
2020-01-28,13.2,11.0,14.7,,,244.0,7.0,31.5,1021.9,,A_GUARDA
2020-01-29,14.5,13.8,15.2,,,245.0,10.5,37.0,1022.2,,A_GUARDA
2020-01-30,14.8,14.0,15.5,,,215.0,10.8,40.8,1021.4,,A_GUARDA
2020-01-31,15.2,14.4,16.3,,,207.0,7.8,33.3,1021.8,,A_GUARDA
2020-02-01,16.2,15.3,17.0,,,246.0,7.7,29.6,1024.1,,A_GUARDA
2020-02-02,16.7,14.0,19.6,,,206.0,6.5,27.8,1027.7,,A_GUARDA
2020-02-03,14.6,11.8,19.1,,,115.0,4.2,18.5,1028.6,,A_GUARDA
2020-02-04,13.2,10.8,16.6,,,61.0,4.5,18.5,1030.7,,A_GUARDA
2020-02-05,12.4,9.5,17.5,,,88.0,6.3,20.4,1025.2,,A_GUARDA
2020-02-06,12.3,9.3,16.7,,,84.0,5.3,20.4,1021.2,,A_GUARDA
2020-02-07,12.9,9.9,16.1,,,34.0,5.2,22.2,1022.3,,A_GUARDA
2020-02-08,12.1,8.9,14.6,,,345.0,4.1,24.1,1025.3,,A_GUARDA
2020-02-09,12.2,8.5,15.0,,,221.0,6.5,27.8,1029.2,,A_GUARDA
2020-02-10,14.7,12.8,16.0,,,20.0,4.1,16.7,1032.8,,A_GUARDA
2020-02-11,12.2,10.5,14.2,,,75.0,3.5,14.8,1029.1,,A_GUARDA
2020-02-12,12.2,9.3,14.7,,,67.0,4.3,14.8,1024.2,,A_GUARDA
2020-02-13,13.7,12.2,15.1,,,31.0,4.5,18.5,1024.9,,A_GUARDA
2020-02-14,13.4,11.5,15.7,,,70.0,3.8,16.7,1026.5,,A_GUARDA
2020-02-15,13.3,10.3,16.5,,,180.0,8.3,31.5,1025.2,,A_GUARDA
2020-02-16,15.7,15.1,16.6,,,217.0,13.7,40.8,1024.3,,A_GUARDA
2020-02-17,12.7,7.7,16.1,,,314.0,6.4,31.5,1030.4,,A_GUARDA
2020-02-18,9.1,4.1,13.8,,,14.0,5.2,27.8,1035.1,,A_GUARDA
2020-02-19,8.5,4.1,13.8,,,26.0,4.2,16.7,1031.9,,A_GUARDA
2020-02-20,9.1,3.6,14.7,,,34.0,4.3,20.4,1026.0,,A_GUARDA
2020-02-21,11.8,8.3,17.2,,,41.0,5.4,20.4,1028.6,,A_GUARDA
2020-02-22,11.6,7.5,17.7,,,57.0,5.0,20.4,1032.0,,A_GUARDA
2020-02-23,11.7,6.9,18.5,,,72.0,4.8,18.5,1031.9,,A_GUARDA
2020-02-24,10.2,6.1,15.4,,,36.0,4.5,24.1,1028.8,,A_GUARDA
2020-02-25,11.0,8.9,13.6,,,9.0,4.5,22.2,1026.1,,A_GUARDA
2020-02-26,11.2,8.6,13.7,,,10.0,3.7,20.4,1026.9,,A_GUARDA
2020-02-27,13.2,10.5,16.0,,,349.0,5.3,22.2,1025.9,,A_GUARDA
2020-02-28,12.0,8.6,15.7,,,199.0,5.8,33.3,1020.2,,A_GUARDA
2020-02-29,13.4,11.7,14.5,,,282.0,12.4,44.5,1013.8,,A_GUARDA
2020-03-01,14.5,13.2,16.1,,,277.0,14.4,44.5,1011.1,,A_GUARDA
2020-03-02,13.2,11.4,16.6,,,314.0,15.4,51.8,1014.4,,A_GUARDA
2020-03-03,14.5,13.6,15.4,,,302.0,12.0,38.9,1020.0,,A_GUARDA
2020-03-04,15.4,14.6,15.9,,,301.0,8.6,31.5,1021.3,,A_GUARDA
2020-03-05,13.8,11.2,16.7,,,314.0,14.1,40.8,1017.6,,A_GUARDA
2020-03-06,11.9,9.6,13.8,,,351.0,9.0,35.2,1026.1,,A_GUARDA
2020-03-07,11.4,8.4,15.3,,,,4.1,20.4,1029.4,,A_GUARDA
2020-03-08,10.5,7.2,13.5,,,53.0,3.9,18.5,1028.5,,A_GUARDA
2020-03-09,10.5,6.3,14.5,,,42.0,3.8,22.2,1030.7,,A_GUARDA
2020-03-10,11.3,6.8,15.9,,,,3.4,18.5,1028.1,,A_GUARDA
2020-03-11,12.5,9.3,16.2,,,31.0,4.3,24.1,1024.2,,A_GUARDA
2020-03-12,13.8,10.8,17.9,,,13.0,5.9,38.9,1020.7,,A_GUARDA
2020-03-13,12.9,9.2,17.0,,,6.0,7.1,33.3,1020.4,,A_GUARDA
2020-03-14,12.2,8.0,17.1,,,3.0,6.5,29.6,1020.7,,A_GUARDA
2020-03-15,9.3,6.1,12.1,,,13.0,5.8,33.3,1017.9,,A_GUARDA
2020-03-16,10.0,4.7,14.9,,,17.0,7.1,40.8,1021.4,,A_GUARDA
2020-03-17,13.3,8.3,18.6,,,25.0,5.8,24.1,1023.6,,A_GUARDA
2020-03-18,15.3,10.3,20.6,,,40.0,6.4,22.2,1022.8,,A_GUARDA
2020-03-19,13.5,11.0,16.5,,,24.0,4.9,24.1,1018.1,,A_GUARDA
2020-03-20,12.1,10.5,13.4,,,14.0,2.6,18.5,1012.9,,A_GUARDA
2020-03-21,12.2,10.3,14.1,,,,2.4,20.4,1010.9,,A_GUARDA
2020-03-22,13.0,10.4,16.1,,,34.0,4.8,25.9,1013.0,,A_GUARDA
2020-03-23,13.8,9.7,18.4,,,44.0,5.7,27.8,1014.5,,A_GUARDA
2020-03-24,14.3,10.2,19.5,,,39.0,6.2,24.1,1015.3,,A_GUARDA
2020-03-25,12.8,9.8,16.0,,,16.0,5.4,27.8,1016.9,,A_GUARDA
2020-03-26,11.7,8.7,15.5,,,5.0,5.7,33.3,1013.9,,A_GUARDA
2020-03-27,10.9,6.2,16.2,,,60.0,6.2,25.9,1011.7,,A_GUARDA
2020-03-28,11.7,6.5,17.5,,,62.0,6.6,24.1,1017.2,,A_GUARDA
2020-03-29,12.5,6.6,17.8,,,52.0,5.0,22.2,1018.3,,A_GUARDA
2020-03-30,12.5,8.8,15.5,,,101.0,9.0,33.3,1013.6,,A_GUARDA
2020-03-31,8.4,3.8,11.7,,,88.0,7.5,27.8,1008.0,,A_GUARDA
2020-04-01,10.6,4.7,15.4,,,58.0,6.3,25.9,1011.3,,A_GUARDA
2020-04-02,12.7,7.4,17.5,,,22.0,5.9,27.8,1014.6,,A_GUARDA
2020-04-03,13.7,8.7,18.4,,,66.0,5.8,22.2,1015.3,,A_GUARDA
2020-04-04,15.5,10.4,22.1,,,130.0,7.8,27.8,1010.9,,A_GUARDA
2020-04-05,16.2,13.0,18.4,,,214.0,9.8,40.8,1010.8,,A_GUARDA
2020-04-06,14.9,12.6,17.0,,,56.0,4.2,20.4,1018.0,,A_GUARDA
2020-04-07,16.7,14.7,18.6,,,35.0,5.5,24.1,1020.7,,A_GUARDA
2020-04-08,16.8,14.5,18.5,,,48.0,3.7,18.5,1021.7,,A_GUARDA
2020-04-09,16.7,15.3,18.9,,,31.0,4.3,25.9,1018.3,,A_GUARDA
2020-04-10,16.9,13.8,18.8,,,,4.3,20.4,1021.1,,A_GUARDA
2020-04-11,15.6,13.3,18.0,,,,4.1,25.9,1021.1,,A_GUARDA
2020-04-12,14.5,11.5,17.2,,,8.0,5.8,29.6,1016.6,,A_GUARDA
2020-04-13,13.0,8.9,15.4,,,354.0,4.8,25.9,1009.1,,A_GUARDA
2020-04-14,14.4,8.7,19.1,,,69.0,5.6,20.4,1009.2,,A_GUARDA
2020-04-15,15.4,13.5,17.3,,,109.0,7.0,25.9,1007.6,,A_GUARDA
2020-04-16,15.0,13.2,16.6,,,132.0,7.9,33.3,1009.3,,A_GUARDA
2020-04-17,15.5,13.6,16.9,,,273.0,9.4,37.0,1011.6,,A_GUARDA
2020-04-18,14.9,12.1,17.9,,,17.0,5.2,24.1,1016.0,,A_GUARDA
2020-04-19,13.9,10.6,17.5,,,16.0,5.9,31.5,1014.8,,A_GUARDA
2020-04-20,13.2,11.0,16.2,,,93.0,3.9,27.8,1010.5,,A_GUARDA
2020-04-21,14.4,11.0,17.5,,,15.0,6.5,37.0,1012.0,,A_GUARDA
2020-04-22,14.8,12.2,17.6,,,350.0,6.9,37.0,1018.6,,A_GUARDA
2020-04-23,14.1,10.2,18.0,,,12.0,5.9,31.5,1017.9,,A_GUARDA
2020-04-24,14.6,11.0,17.5,,,10.0,5.7,29.6,1013.8,,A_GUARDA
2020-04-25,15.5,12.6,16.8,,,356.0,5.0,27.8,1012.4,,A_GUARDA
2020-04-26,14.2,11.4,17.4,,,358.0,4.8,25.9,1013.7,,A_GUARDA
2020-04-27,13.5,11.7,15.3,,,351.0,4.7,24.1,1014.2,,A_GUARDA
2020-04-28,14.9,12.0,17.9,,,311.0,6.5,27.8,1017.2,,A_GUARDA
2020-04-29,16.0,14.5,17.9,,,269.0,11.3,37.0,1017.1,,A_GUARDA
2020-04-30,16.6,14.4,17.7,,,282.0,12.3,37.0,1018.2,,A_GUARDA
2020-05-01,17.9,16.5,19.6,,,282.0,11.2,33.3,1020.7,,A_GUARDA
2020-05-02,17.2,14.7,19.0,,,,5.8,24.1,1021.6,,A_GUARDA
2020-05-03,19.6,13.1,27.9,,,47.0,4.9,24.1,1014.9,,A_GUARDA
2020-05-04,18.9,16.2,22.6,,,251.0,9.4,42.6,1009.8,,A_GUARDA
2020-05-05,17.7,15.6,19.7,,,258.0,9.3,38.9,1015.9,,A_GUARDA
2020-05-06,17.4,14.5,19.7,,,6.0,5.5,24.1,1019.6,,A_GUARDA
2020-05-07,16.8,13.3,20.2,,,1.0,5.9,31.5,1015.5,,A_GUARDA
2020-05-08,16.7,14.7,19.7,,,348.0,4.9,24.1,1014.1,,A_GUARDA
2020-05-09,15.4,12.8,17.8,,,356.0,5.4,33.3,1010.7,,A_GUARDA
2020-05-10,15.1,11.5,18.8,,,6.0,6.1,27.8,1009.0,,A_GUARDA
2020-05-11,17.1,14.0,20.4,,,75.0,7.6,31.5,1007.3,,A_GUARDA
2020-05-12,16.0,13.4,18.8,,,25.0,6.7,27.8,1009.3,,A_GUARDA
2020-05-13,15.2,12.2,18.3,,,56.0,5.6,27.8,1004.5,,A_GUARDA
2020-05-14,14.5,12.5,16.8,,,2.0,5.0,25.9,1005.3,,A_GUARDA
2020-05-15,16.9,12.3,21.5,,,37.0,6.3,25.9,1013.2,,A_GUARDA
2020-05-16,17.5,13.0,21.6,,,35.0,8.5,31.5,1018.8,,A_GUARDA
2020-05-17,17.6,12.5,22.3,,,31.0,7.9,27.8,1022.8,,A_GUARDA
2020-05-18,17.1,12.9,21.1,,,7.0,6.7,33.3,1024.4,,A_GUARDA
2020-05-19,17.0,12.2,21.7,,,355.0,6.2,27.8,1021.0,,A_GUARDA
2020-05-20,16.0,12.9,19.1,,,350.0,7.6,35.2,1019.9,,A_GUARDA
2020-05-21,16.3,12.3,19.9,,,7.0,5.4,25.9,1021.6,,A_GUARDA
2020-05-22,17.3,14.0,20.4,,,18.0,6.0,29.6,1025.9,,A_GUARDA
2020-05-23,18.1,13.8,22.6,,,356.0,7.2,37.0,1027.5,,A_GUARDA
2020-05-24,19.3,14.6,23.7,,,12.0,7.2,29.6,1024.8,,A_GUARDA
2020-05-25,19.8,14.0,25.0,,,0.0,6.4,33.3,1022.8,,A_GUARDA
2020-05-26,24.1,19.6,28.9,,,57.0,8.9,25.9,1021.5,,A_GUARDA
2020-05-27,24.8,20.6,29.8,,,53.0,8.9,25.9,1020.2,,A_GUARDA
2020-05-28,23.4,19.5,27.2,,,22.0,7.0,22.2,1019.2,,A_GUARDA
2020-05-29,21.1,17.7,24.2,,,359.0,6.9,27.8,1015.8,,A_GUARDA
2020-05-30,18.4,15.5,21.2,,,342.0,5.5,25.9,1012.9,,A_GUARDA
2020-05-31,17.7,15.1,20.6,,,352.0,5.8,27.8,1011.8,,A_GUARDA
2020-06-01,18.0,14.8,20.8,,,356.0,4.8,24.1,1013.5,,A_GUARDA
2020-06-02,19.7,16.4,23.3,,,20.0,5.5,22.2,1014.5,,A_GUARDA
2020-06-03,18.2,16.3,20.7,,,7.0,4.8,25.9,1013.6,,A_GUARDA
2020-06-04,17.9,14.7,21.0,,,354.0,8.1,40.8,1011.9,,A_GUARDA
2020-06-05,16.5,12.4,20.2,,,354.0,8.3,38.9,1015.2,,A_GUARDA
2020-06-06,16.3,13.2,19.4,,,352.0,7.2,33.3,1013.6,,A_GUARDA
2020-06-07,16.8,13.8,20.0,,,353.0,9.2,46.3,1014.0,,A_GUARDA
2020-06-08,16.6,10.9,21.1,,,358.0,8.9,40.8,1018.9,,A_GUARDA
2020-06-09,16.6,11.6,21.1,,,2.0,8.7,40.8,1019.9,,A_GUARDA
2020-06-10,16.1,11.1,20.4,,,356.0,8.6,40.8,1018.1,,A_GUARDA
2020-06-11,15.8,13.5,18.2,,,353.0,8.6,38.9,1014.0,,A_GUARDA
2020-06-12,14.9,13.3,16.4,,,337.0,9.0,37.0,1010.0,,A_GUARDA
2020-06-13,15.6,12.4,19.5,,,344.0,5.6,24.1,1017.1,,A_GUARDA
2020-06-14,16.0,13.2,19.5,,,8.0,4.4,20.4,1022.5,,A_GUARDA
2020-06-15,16.4,13.4,20.3,,,32.0,4.4,20.4,1024.6,,A_GUARDA
2020-06-16,16.6,14.5,19.0,,,28.0,5.2,25.9,1023.0,,A_GUARDA
2020-06-17,15.9,12.4,18.9,,,19.0,6.9,31.5,1020.7,,A_GUARDA
2020-06-18,16.1,11.5,20.3,,,8.0,8.5,38.9,1018.2,,A_GUARDA
2020-06-19,15.6,11.1,19.6,,,3.0,7.2,31.5,1021.5,,A_GUARDA
2020-06-20,17.2,12.8,21.8,,,9.0,5.8,25.9,1024.6,,A_GUARDA
2020-06-21,18.7,15.2,22.4,,,18.0,6.3,29.6,1026.4,,A_GUARDA
2020-06-22,20.6,15.6,25.5,,,357.0,5.9,29.6,1020.7,,A_GUARDA
2020-06-23,19.0,16.6,21.3,,,338.0,6.5,29.6,1015.3,,A_GUARDA
2020-06-24,17.9,16.3,20.0,,,345.0,7.0,29.6,1016.6,,A_GUARDA
2020-06-25,17.8,15.6,20.6,,,341.0,8.2,35.2,1017.3,,A_GUARDA
2020-06-26,17.3,14.2,19.5,,,345.0,5.6,22.2,1017.9,,A_GUARDA
2020-06-27,18.7,17.4,20.4,,,330.0,5.1,20.4,1019.4,,A_GUARDA
2020-06-28,19.0,16.4,21.9,,,19.0,5.7,27.8,1021.3,,A_GUARDA
2020-06-29,19.6,16.5,23.1,,,353.0,7.1,37.0,1018.6,,A_GUARDA
2020-06-30,19.9,16.4,23.7,,,349.0,8.3,38.9,1013.5,,A_GUARDA
2020-07-01,19.1,16.6,21.8,,,354.0,7.6,31.5,1017.2,,A_GUARDA
2020-07-02,17.8,14.3,22.5,,,4.0,8.9,40.8,1020.8,,A_GUARDA
2020-07-03,17.5,12.2,22.1,,,355.0,8.4,40.8,1023.0,,A_GUARDA
2020-07-04,19.4,13.2,24.6,,,352.0,7.5,35.2,1022.2,,A_GUARDA
2020-07-05,22.6,18.7,26.9,,,352.0,7.0,33.3,1019.3,,A_GUARDA
2020-07-06,22.5,18.6,27.8,,,351.0,5.9,29.6,1016.5,,A_GUARDA
2020-07-07,20.3,16.8,23.4,,,12.0,5.7,22.2,1014.4,,A_GUARDA
2020-07-08,17.5,15.5,19.9,,,28.0,5.9,24.1,1013.8,,A_GUARDA
2020-07-09,19.1,16.0,23.6,,,7.0,7.2,38.9,1016.1,,A_GUARDA
2020-07-10,20.5,15.5,25.5,,,351.0,7.5,38.9,1016.0,,A_GUARDA
2020-07-11,23.5,18.7,28.3,,,25.0,7.3,29.6,1013.1,,A_GUARDA
2020-07-12,23.6,20.8,26.7,,,40.0,6.8,24.1,1015.0,,A_GUARDA
2020-07-13,24.8,20.5,29.4,,,44.0,7.2,31.5,1018.0,,A_GUARDA
2020-07-14,22.3,17.7,26.6,,,33.0,8.2,40.8,1017.1,,A_GUARDA
2020-07-15,23.8,18.0,30.0,,,57.0,7.5,31.5,1015.7,,A_GUARDA
2020-07-16,26.0,21.7,30.9,,,71.0,9.4,29.6,1015.7,,A_GUARDA
2020-07-17,27.3,22.3,32.9,,,77.0,9.4,25.9,1013.9,,A_GUARDA
2020-07-18,24.1,19.0,28.1,,,72.0,7.3,22.2,1013.2,,A_GUARDA
2020-07-19,18.2,16.0,20.4,,,77.0,5.2,22.2,1015.2,,A_GUARDA
2020-07-20,18.9,16.3,22.6,,,57.0,5.4,25.9,1014.8,,A_GUARDA
2020-07-21,21.5,16.8,26.0,,,40.0,5.0,22.2,1014.3,,A_GUARDA
2020-07-22,21.0,18.1,24.6,,,34.0,4.8,20.4,1017.4,,A_GUARDA
2020-07-23,19.4,16.8,23.1,,,29.0,6.7,35.2,1018.2,,A_GUARDA
2020-07-24,19.9,14.8,23.9,,,346.0,8.0,40.8,1017.4,,A_GUARDA
2020-07-25,19.7,16.2,23.0,,,344.0,8.4,40.8,1017.0,,A_GUARDA
2020-07-26,19.1,16.4,23.1,,,344.0,7.6,37.0,1016.9,,A_GUARDA
2020-07-27,19.3,14.6,23.5,,,347.0,8.1,37.0,1016.8,,A_GUARDA
2020-07-28,19.7,17.1,23.2,,,344.0,7.5,37.0,1017.1,,A_GUARDA
2020-07-29,19.8,16.0,24.3,,,1.0,5.2,22.2,1013.5,,A_GUARDA
2020-07-30,18.3,16.1,21.1,,,347.0,4.8,24.1,1013.3,,A_GUARDA
2020-07-31,18.4,15.9,21.5,,,0.0,5.8,27.8,1017.5,,A_GUARDA
2020-08-01,19.1,16.3,22.8,,,354.0,7.8,38.9,1020.7,,A_GUARDA
2020-08-02,19.0,14.8,23.6,,,352.0,7.9,40.8,1020.1,,A_GUARDA
2020-08-03,19.0,14.6,22.8,,,357.0,8.3,37.0,1019.7,,A_GUARDA
2020-08-04,19.6,15.4,24.2,,,358.0,7.5,35.2,1016.2,,A_GUARDA
2020-08-05,18.8,14.8,23.0,,,346.0,7.2,35.2,1013.3,,A_GUARDA
2020-08-06,18.2,14.8,21.9,,,331.0,4.9,25.9,1012.8,,A_GUARDA
2020-08-07,18.3,15.5,21.9,,,333.0,6.1,31.5,1017.2,,A_GUARDA
2020-08-08,18.2,16.1,21.2,,,347.0,4.2,20.4,1019.1,,A_GUARDA
2020-08-09,17.8,16.0,20.4,,,10.0,4.5,20.4,1017.2,,A_GUARDA
2020-08-10,18.1,15.5,21.9,,,19.0,5.4,27.8,1013.2,,A_GUARDA
2020-08-11,18.1,16.2,21.1,,,28.0,4.2,22.2,1011.7,,A_GUARDA
2020-08-12,18.7,16.5,22.4,,,21.0,5.8,31.5,1015.5,,A_GUARDA
2020-08-13,17.9,14.2,22.3,,,24.0,5.9,29.6,1018.8,,A_GUARDA
2020-08-14,17.3,14.2,21.0,,,31.0,5.2,27.8,1018.1,,A_GUARDA
2020-08-15,18.1,14.9,22.4,,,5.0,4.5,22.2,1017.7,,A_GUARDA
2020-08-16,18.4,15.7,21.1,,,150.0,6.2,27.8,1017.4,,A_GUARDA
2020-08-17,19.5,19.0,20.5,,,232.0,7.2,27.8,1016.0,,A_GUARDA
2020-08-18,20.5,19.7,21.7,,,227.0,7.5,27.8,1015.3,,A_GUARDA
2020-08-19,21.0,19.7,22.4,,,223.0,9.7,38.9,1010.1,,A_GUARDA
2020-08-20,20.1,18.2,22.8,,,247.0,7.3,29.6,1009.0,,A_GUARDA
2020-08-21,19.4,16.4,23.3,,,286.0,5.7,24.1,1016.9,,A_GUARDA
2020-08-22,18.0,13.6,22.8,,,19.0,6.0,31.5,1024.3,,A_GUARDA
2020-08-23,19.2,14.3,24.2,,,13.0,5.7,31.5,1022.6,,A_GUARDA
2020-08-24,21.3,17.3,26.2,,,13.0,5.4,25.9,1017.1,,A_GUARDA
2020-08-25,19.0,14.0,23.6,,,2.0,6.5,31.5,1017.3,,A_GUARDA
2020-08-26,19.7,16.4,23.6,,,16.0,5.8,29.6,1020.1,,A_GUARDA
2020-08-27,20.4,18.0,23.5,,,21.0,6.4,31.5,1021.0,,A_GUARDA
2020-08-28,19.0,16.4,22.1,,,8.0,8.0,38.9,1016.8,,A_GUARDA
2020-08-29,17.6,12.6,22.7,,,10.0,8.5,38.9,1015.2,,A_GUARDA
2020-08-30,17.8,12.4,23.3,,,20.0,7.6,35.2,1017.7,,A_GUARDA
2020-08-31,17.3,12.9,22.3,,,31.0,6.2,24.1,1018.2,,A_GUARDA
2020-09-01,17.4,12.9,22.2,,,30.0,7.0,35.2,1016.1,,A_GUARDA
2020-09-02,19.3,14.1,24.8,,,27.0,6.0,27.8,1016.0,,A_GUARDA
2020-09-03,19.7,15.0,25.0,,,51.0,5.5,18.5,1018.8,,A_GUARDA
2020-09-04,18.1,14.5,22.1,,,48.0,5.1,22.2,1020.9,,A_GUARDA
2020-09-05,18.5,13.2,24.6,,,66.0,4.5,24.1,1018.9,,A_GUARDA
2020-09-06,21.9,17.6,26.7,,,68.0,7.7,27.8,1015.9,,A_GUARDA
2020-09-07,22.6,17.7,28.4,,,76.0,8.4,24.1,1017.5,,A_GUARDA
2020-09-08,22.0,16.7,27.9,,,77.0,8.9,25.9,1019.6,,A_GUARDA
2020-09-09,20.0,15.4,25.3,,,76.0,6.3,20.4,1019.5,,A_GUARDA
2020-09-10,19.3,14.7,24.4,,,66.0,5.9,20.4,1018.3,,A_GUARDA
2020-09-11,18.8,15.1,22.9,,,46.0,4.9,18.5,1014.4,,A_GUARDA
2020-09-12,21.9,16.0,28.4,,,39.0,5.5,20.4,1014.8,,A_GUARDA
2020-09-13,22.5,19.0,27.5,,,72.0,5.9,20.4,1016.4,,A_GUARDA
2020-09-14,20.3,18.1,23.5,,,107.0,4.5,20.4,1019.2,,A_GUARDA
2020-09-15,19.7,17.2,23.6,,,136.0,4.7,25.9,1020.3,,A_GUARDA
2020-09-16,18.4,14.8,22.7,,,84.0,4.5,18.5,1017.8,,A_GUARDA
2020-09-17,18.7,15.2,22.9,,,53.0,3.7,22.2,1012.0,,A_GUARDA
2020-09-18,19.2,14.8,25.0,,,39.0,4.1,20.4,1008.8,,A_GUARDA
2020-09-19,18.6,16.4,21.6,,,232.0,3.7,24.1,1013.2,,A_GUARDA
2020-09-20,18.5,15.5,21.1,,,316.0,3.8,18.5,1017.9,,A_GUARDA
2020-09-21,17.2,14.7,21.1,,,64.0,3.4,18.5,1020.0,,A_GUARDA
2020-09-22,16.9,13.8,20.0,,,140.0,4.8,20.4,1016.3,,A_GUARDA
2020-09-23,18.4,15.1,20.7,,,,4.0,20.4,1014.1,,A_GUARDA
2020-09-24,16.5,13.8,19.8,,,320.0,3.6,25.9,1018.9,,A_GUARDA
2020-09-25,15.4,11.9,19.2,,,349.0,5.5,33.3,1026.8,,A_GUARDA
2020-09-26,14.9,10.8,18.4,,,354.0,3.8,20.4,1025.6,,A_GUARDA
2020-09-27,17.3,13.7,21.5,,,355.0,5.3,31.5,1019.2,,A_GUARDA
2020-09-28,15.0,9.2,20.5,,,43.0,3.8,20.4,1018.0,,A_GUARDA
2020-09-29,15.6,10.9,20.7,,,49.0,4.5,25.9,1017.8,,A_GUARDA
2020-09-30,15.4,11.9,18.9,,,23.0,4.1,22.2,1018.4,,A_GUARDA
2020-10-01,16.9,14.4,19.2,,,324.0,5.1,37.0,1015.0,,A_GUARDA
2020-10-02,15.8,11.9,17.4,,,313.0,13.1,48.2,1006.2,,A_GUARDA
2020-10-03,13.7,10.9,16.7,,,340.0,5.2,24.1,1012.1,,A_GUARDA
2020-10-04,15.0,13.1,17.5,,,340.0,4.2,25.9,1014.1,,A_GUARDA
2020-10-05,14.8,12.0,17.3,,,51.0,3.7,18.5,1020.1,,A_GUARDA
2020-10-06,17.3,15.3,20.0,,,,2.7,14.8,1024.6,,A_GUARDA
2020-10-07,17.0,14.7,20.7,,,48.0,3.1,22.2,1025.2,,A_GUARDA
2020-10-08,15.4,12.2,19.2,,,,3.3,24.1,1022.9,,A_GUARDA
2020-10-09,15.0,11.3,19.5,,,38.0,4.1,22.2,1024.1,,A_GUARDA
2020-10-10,16.6,12.5,21.8,,,65.0,5.8,29.6,1024.8,,A_GUARDA
2020-10-11,15.4,11.6,20.0,,,65.0,6.8,27.8,1027.1,,A_GUARDA
2020-10-12,14.9,9.7,19.5,,,38.0,7.2,27.8,1027.3,,A_GUARDA
2020-10-13,15.0,12.4,19.0,,,334.0,6.2,35.2,1021.8,,A_GUARDA
2020-10-14,12.6,9.7,16.5,,,1.0,4.9,29.6,1019.8,,A_GUARDA
2020-10-15,11.7,6.7,17.2,,,40.0,5.1,27.8,1021.3,,A_GUARDA
2020-10-16,11.6,8.0,17.3,,,95.0,5.1,16.7,1019.6,,A_GUARDA
2020-10-17,12.2,8.2,16.5,,,128.0,5.1,18.5,1017.1,,A_GUARDA
2020-10-18,15.8,12.5,21.2,,,114.0,5.8,20.4,1017.2,,A_GUARDA
2020-10-19,16.2,13.4,19.5,,,164.0,10.7,46.3,1009.5,,A_GUARDA
2020-10-20,16.0,14.4,18.0,,,178.0,6.0,27.8,1002.2,,A_GUARDA
2020-10-21,14.7,13.0,16.2,,,206.0,6.8,27.8,1004.5,,A_GUARDA
2020-10-22,13.6,11.5,15.9,,,181.0,5.1,25.9,1011.8,,A_GUARDA
2020-10-23,12.9,10.8,16.0,,,140.0,3.1,18.5,1022.5,,A_GUARDA
2020-10-24,15.0,12.6,17.0,,,177.0,10.9,42.6,1022.7,,A_GUARDA
2020-10-25,14.1,9.7,17.0,,,260.0,13.1,44.5,1014.8,,A_GUARDA
2020-10-26,11.2,8.1,14.3,,,313.0,4.6,24.1,1021.4,,A_GUARDA
2020-10-27,13.5,10.6,15.4,,,177.0,8.4,31.5,1019.2,,A_GUARDA
2020-10-28,14.1,10.9,17.4,,,168.0,3.4,13.0,1022.9,,A_GUARDA
2020-10-29,12.3,8.8,17.6,,,135.0,3.9,13.0,1026.1,,A_GUARDA
2020-10-30,13.7,9.8,19.1,,,133.0,4.7,18.5,1025.1,,A_GUARDA
2020-10-31,15.8,13.0,18.7,,,159.0,7.4,27.8,1025.0,,A_GUARDA
2020-11-01,17.6,17.1,18.1,,,193.0,8.5,27.8,1023.8,,A_GUARDA
2020-11-02,16.2,12.0,18.1,,,214.0,5.7,24.1,1024.2,,A_GUARDA
2020-11-03,12.1,9.2,16.1,,,26.0,6.6,35.2,1030.5,,A_GUARDA
2020-11-04,10.9,7.4,15.1,,,52.0,6.4,24.1,1022.1,,A_GUARDA
2020-11-05,14.8,11.5,18.7,,,114.0,9.1,33.3,1013.2,,A_GUARDA
2020-11-06,15.0,14.0,16.9,,,134.0,7.6,25.9,1009.5,,A_GUARDA
2020-11-07,14.7,13.4,15.8,,,175.0,9.4,37.0,1013.7,,A_GUARDA
2020-11-08,15.4,14.0,16.2,,,191.0,11.7,38.9,1016.4,,A_GUARDA
2020-11-09,13.8,10.3,15.9,,,190.0,4.4,24.1,1022.6,,A_GUARDA
2020-11-10,11.3,8.1,15.6,,,105.0,3.6,13.0,1027.0,,A_GUARDA
2020-11-11,12.8,9.4,16.2,,,124.0,6.2,24.1,1023.0,,A_GUARDA
2020-11-12,14.2,11.3,18.5,,,118.0,4.3,16.7,1020.7,,A_GUARDA
2020-11-13,14.3,11.6,18.6,,,111.0,4.9,16.7,1018.6,,A_GUARDA
2020-11-14,15.2,12.9,16.9,,,161.0,7.3,31.5,1016.9,,A_GUARDA
2020-11-15,16.0,12.5,17.2,,,211.0,7.6,31.5,1019.1,,A_GUARDA
2020-11-16,11.9,8.9,15.7,,,112.0,3.1,11.1,1025.3,,A_GUARDA
2020-11-17,13.6,8.4,18.7,,,139.0,6.8,25.9,1023.9,,A_GUARDA
2020-11-18,16.7,13.9,19.2,,,161.0,4.9,25.9,1025.8,,A_GUARDA
2020-11-19,15.3,12.0,20.9,,,86.0,5.4,20.4,1031.3,,A_GUARDA
2020-11-20,13.3,10.3,18.5,,,76.0,5.8,18.5,1029.9,,A_GUARDA
2020-11-21,11.7,7.9,17.8,,,100.0,5.8,18.5,1026.2,,A_GUARDA
2020-11-22,10.6,6.9,16.6,,,119.0,4.8,16.7,1027.4,,A_GUARDA
2020-11-23,9.8,6.6,14.9,,,118.0,3.8,13.0,1026.6,,A_GUARDA
2020-11-24,11.3,7.6,14.2,,,151.0,6.8,31.5,1020.3,,A_GUARDA
2020-11-25,10.7,8.8,13.2,,,3.0,3.7,27.8,1011.1,,A_GUARDA
2020-11-26,11.7,9.2,15.6,,,89.0,4.5,20.4,1007.4,,A_GUARDA
2020-11-27,11.2,8.7,15.6,,,82.0,3.9,16.7,1009.8,,A_GUARDA
2020-11-28,11.6,8.6,15.5,,,124.0,6.4,24.1,1005.0,,A_GUARDA
2020-11-29,11.9,9.4,15.2,,,105.0,5.1,18.5,1013.0,,A_GUARDA
2020-11-30,13.0,9.3,17.4,,,93.0,5.1,20.4,1020.9,,A_GUARDA
2020-12-01,11.8,9.2,17.0,,,72.0,5.2,20.4,1023.4,,A_GUARDA
2020-12-02,11.1,7.8,16.2,,,63.0,5.3,20.4,1019.9,,A_GUARDA
2020-12-03,9.0,5.3,11.9,,,30.0,9.9,50.0,1014.4,,A_GUARDA
2020-12-04,7.5,4.2,10.6,,,336.0,13.0,50.0,1003.1,,A_GUARDA
2020-12-05,6.5,3.9,9.5,,,355.0,6.3,27.8,1009.8,,A_GUARDA
2020-12-06,8.1,5.6,10.9,,,19.0,5.1,27.8,1014.3,,A_GUARDA
2020-12-07,11.9,10.9,12.8,,,325.0,14.5,50.0,1012.8,,A_GUARDA
2020-12-08,9.6,5.6,11.5,,,353.0,8.2,48.2,1018.0,,A_GUARDA
2020-12-09,8.0,4.2,12.1,,,108.0,5.9,31.5,1021.2,,A_GUARDA
2020-12-10,14.4,12.2,15.8,,,314.0,9.3,38.9,1015.4,,A_GUARDA
2020-12-11,14.9,12.6,16.1,,,309.0,14.9,46.3,1013.8,,A_GUARDA
2020-12-12,12.9,11.2,14.6,,,55.0,3.9,27.8,1018.4,,A_GUARDA
2020-12-13,14.6,13.9,15.8,,,211.0,8.3,35.2,1013.5,,A_GUARDA
2020-12-14,12.3,10.0,14.2,,,256.0,6.5,27.8,1009.9,,A_GUARDA
2020-12-15,11.2,9.1,13.2,,,241.0,10.6,44.5,1012.8,,A_GUARDA
2020-12-16,10.7,6.3,12.9,,,251.0,8.5,59.3,1011.6,,A_GUARDA
2020-12-17,9.3,5.9,12.7,,,108.0,5.1,20.4,1023.5,,A_GUARDA
2020-12-18,12.9,11.8,14.3,,,196.0,12.0,48.2,1019.0,,A_GUARDA
2020-12-19,11.4,9.8,13.3,,,132.0,4.1,29.6,1018.4,,A_GUARDA
2020-12-20,11.7,9.1,14.5,,,155.0,7.1,35.2,1024.2,,A_GUARDA
2020-12-21,14.7,13.8,15.5,,,210.0,8.1,35.2,1026.6,,A_GUARDA
2020-12-22,14.7,13.5,15.8,,,199.0,7.9,33.3,1024.2,,A_GUARDA
2020-12-23,11.7,7.2,13.6,,,276.0,5.2,33.3,1025.1,,A_GUARDA
2020-12-24,7.2,3.8,11.7,,,39.0,4.4,22.2,1028.2,,A_GUARDA
2020-12-25,6.9,3.2,12.1,,,51.0,5.4,18.5,1029.3,,A_GUARDA
2020-12-26,4.7,1.7,10.1,,,64.0,4.5,18.5,1030.9,,A_GUARDA
2020-12-27,6.4,0.8,12.5,,,2.0,12.2,55.5,1017.3,,A_GUARDA
2020-12-28,9.7,8.6,11.6,,,323.0,14.7,53.7,1008.4,,A_GUARDA
2020-12-29,7.7,5.0,9.5,,,352.0,7.5,37.0,1012.3,,A_GUARDA
2020-12-30,6.0,3.3,9.1,,,54.0,3.5,14.8,1021.3,,A_GUARDA
2020-12-31,8.4,6.4,10.3,,,334.0,8.0,33.3,1017.2,,A_GUARDA
2021-01-01,5.9,3.9,8.6,,,8.0,4.1,24.1,1017.2,,A_GUARDA
2021-01-02,4.8,1.6,8.7,,,30.0,3.9,18.5,1019.9,,A_GUARDA
2021-01-03,4.4,1.3,8.2,,,46.0,3.8,18.5,1020.2,,A_GUARDA
2021-01-04,3.9,1.4,7.4,,,68.0,3.5,16.7,1015.6,,A_GUARDA
2021-01-05,2.4,-1.6,7.7,,,66.0,4.7,16.7,1014.2,,A_GUARDA
2021-01-06,3.0,-1.2,9.1,,,73.0,5.7,20.4,1014.1,,A_GUARDA
2021-01-07,3.0,-0.9,9.0,,,56.0,5.5,20.4,1014.2,,A_GUARDA
2021-01-08,3.0,-0.9,8.5,,,43.0,6.5,24.1,1012.6,,A_GUARDA
2021-01-09,4.1,-0.1,8.9,,,31.0,6.8,33.3,1010.1,,A_GUARDA
2021-01-10,6.5,3.4,11.0,,,30.0,6.2,27.8,1016.8,,A_GUARDA
2021-01-11,4.1,0.7,9.4,,,44.0,5.7,20.4,1026.0,,A_GUARDA
2021-01-12,3.5,-0.6,9.4,,,78.0,4.8,16.7,1031.5,,A_GUARDA
2021-01-13,3.9,-0.5,9.6,,,59.0,4.8,16.7,1032.5,,A_GUARDA
2021-01-14,5.9,1.1,10.7,,,61.0,4.1,14.8,1031.9,,A_GUARDA
2021-01-15,6.7,3.8,11.9,,,63.0,4.4,14.8,1031.0,,A_GUARDA
2021-01-16,5.1,1.0,11.1,,,65.0,4.8,14.8,1031.1,,A_GUARDA
2021-01-17,6.0,1.3,12.1,,,70.0,4.4,14.8,1030.8,,A_GUARDA
2021-01-18,6.8,2.3,12.5,,,83.0,4.5,16.7,1027.3,,A_GUARDA
2021-01-19,8.6,4.9,12.7,,,168.0,11.3,46.3,1019.1,,A_GUARDA
2021-01-20,12.2,10.9,13.0,,,243.0,18.0,59.3,1004.5,,A_GUARDA
2021-01-21,13.1,11.6,14.2,,,254.0,16.5,48.2,1009.7,,A_GUARDA
2021-01-22,11.3,9.6,12.6,,,308.0,16.7,57.4,1012.8,,A_GUARDA
2021-01-23,12.4,11.0,13.8,,,286.0,16.5,44.5,1012.8,,A_GUARDA
2021-01-24,12.1,10.7,13.2,,,304.0,7.7,40.8,1015.6,,A_GUARDA
2021-01-25,13.5,12.8,14.1,,,286.0,10.6,37.0,1014.4,,A_GUARDA
2021-01-26,14.4,13.9,14.9,,,159.0,3.6,16.7,1023.5,,A_GUARDA
2021-01-27,13.9,13.2,14.9,,,145.0,3.2,14.8,1027.6,,A_GUARDA
2021-01-28,13.6,12.9,14.3,,,229.0,5.8,24.1,1024.8,,A_GUARDA
2021-01-29,13.7,13.0,14.2,,,206.0,8.9,42.6,1020.9,,A_GUARDA
2021-01-30,12.4,11.6,13.3,,,305.0,16.7,42.6,1017.0,,A_GUARDA
2021-01-31,13.3,11.7,14.4,,,309.0,12.9,35.2,1017.5,,A_GUARDA
2021-02-01,13.6,13.0,14.2,,,284.0,8.7,33.3,1018.5,,A_GUARDA
2021-02-02,14.0,13.7,14.6,,,229.0,15.8,53.7,1014.0,,A_GUARDA
2021-02-03,12.6,10.8,13.7,,,238.0,13.3,44.5,1010.8,,A_GUARDA
2021-02-04,10.9,7.6,13.7,,,103.0,5.0,29.6,1009.9,,A_GUARDA
2021-02-05,9.8,6.4,13.2,,,52.0,5.7,27.8,1006.4,,A_GUARDA
2021-02-06,10.5,6.3,13.3,,,1.0,8.7,37.0,1007.5,,A_GUARDA
2021-02-07,7.3,3.7,10.5,,,303.0,8.6,35.2,1009.2,,A_GUARDA
2021-02-08,11.2,9.8,12.4,,,287.0,16.0,44.5,1004.5,,A_GUARDA
2021-02-09,11.5,10.6,12.2,,,254.0,18.6,50.0,1001.2,,A_GUARDA
2021-02-10,11.2,9.3,12.9,,,200.0,9.2,46.3,1011.4,,A_GUARDA
2021-02-11,13.7,11.8,14.9,,,221.0,10.4,38.9,1016.2,,A_GUARDA
2021-02-12,12.4,10.4,15.0,,,312.0,5.5,20.4,1022.8,,A_GUARDA
2021-02-13,12.4,10.4,14.4,,,164.0,5.0,24.1,1026.5,,A_GUARDA
2021-02-14,13.5,11.2,17.3,,,199.0,7.3,29.6,1025.2,,A_GUARDA
2021-02-15,14.1,10.3,18.8,,,208.0,8.1,29.6,1024.4,,A_GUARDA
2021-02-16,13.0,10.2,14.4,,,229.0,8.3,37.0,1024.0,,A_GUARDA
2021-02-17,11.6,8.5,13.6,,,185.0,9.3,42.6,1019.8,,A_GUARDA
2021-02-18,12.4,10.3,13.9,,,241.0,9.8,48.2,1015.4,,A_GUARDA
2021-02-19,13.4,10.4,15.3,,,207.0,14.8,51.8,1012.0,,A_GUARDA
2021-02-20,13.7,9.2,15.9,,,205.0,17.0,57.4,1003.7,,A_GUARDA
2021-02-21,8.9,6.9,11.8,,,48.0,4.3,20.4,1008.7,,A_GUARDA
2021-02-22,9.1,3.6,14.4,,,104.0,6.2,27.8,1019.9,,A_GUARDA
2021-02-23,13.7,9.9,16.2,,,166.0,8.9,33.3,1025.8,,A_GUARDA
2021-02-24,14.2,11.9,17.6,,,193.0,9.6,38.9,1025.7,,A_GUARDA
2021-02-25,11.3,8.6,14.2,,,349.0,4.6,24.1,1026.8,,A_GUARDA
2021-02-26,13.0,9.3,17.7,,,54.0,4.9,20.4,1027.2,,A_GUARDA
2021-02-27,13.2,9.1,18.9,,,57.0,5.8,18.5,1024.6,,A_GUARDA
2021-02-28,11.6,8.3,17.2,,,67.0,6.0,20.4,1018.3,,A_GUARDA
2021-03-01,11.4,8.1,14.5,,,199.0,7.1,31.5,1017.5,,A_GUARDA
2021-03-02,11.8,8.6,14.6,,,14.0,4.1,20.4,1024.6,,A_GUARDA
2021-03-03,12.1,7.0,17.6,,,77.0,5.4,18.5,1026.2,,A_GUARDA
2021-03-04,12.6,10.6,15.4,,,73.0,5.2,18.5,1018.6,,A_GUARDA
2021-03-05,13.8,10.4,18.7,,,59.0,5.5,20.4,1015.8,,A_GUARDA
2021-03-06,11.9,8.7,16.4,,,52.0,6.9,24.1,1019.8,,A_GUARDA
2021-03-07,10.1,6.6,14.6,,,26.0,6.7,31.5,1018.3,,A_GUARDA
2021-03-08,10.0,5.7,15.2,,,31.0,6.8,31.5,1017.8,,A_GUARDA
2021-03-09,8.7,4.4,13.2,,,29.0,6.8,25.9,1022.1,,A_GUARDA
2021-03-10,9.3,3.9,13.2,,,74.0,4.5,18.5,1024.9,,A_GUARDA
2021-03-11,12.3,10.0,13.9,,,321.0,5.8,24.1,1026.0,,A_GUARDA
2021-03-12,10.7,7.8,14.2,,,9.0,4.5,25.9,1027.2,,A_GUARDA
2021-03-13,10.4,6.9,14.2,,,15.0,4.6,24.1,1027.6,,A_GUARDA
2021-03-14,10.9,6.8,15.1,,,37.0,5.2,27.8,1029.5,,A_GUARDA
2021-03-15,12.6,7.2,18.0,,,50.0,7.0,24.1,1026.6,,A_GUARDA
2021-03-16,14.2,8.9,20.0,,,68.0,7.9,25.9,1026.0,,A_GUARDA
2021-03-17,15.3,9.5,21.5,,,67.0,7.6,27.8,1024.9,,A_GUARDA
2021-03-18,13.7,9.2,18.2,,,61.0,7.5,31.5,1022.6,,A_GUARDA
2021-03-19,12.2,7.4,17.0,,,58.0,8.8,37.0,1020.2,,A_GUARDA
2021-03-20,11.4,7.7,15.8,,,48.0,7.9,31.5,1021.8,,A_GUARDA
2021-03-21,9.8,5.6,14.7,,,50.0,7.4,27.8,1025.1,,A_GUARDA
2021-03-22,10.7,4.9,17.3,,,54.0,7.7,24.1,1021.9,,A_GUARDA
2021-03-23,10.3,6.2,15.1,,,31.0,6.8,25.9,1023.9,,A_GUARDA
2021-03-24,9.8,5.6,14.7,,,20.0,5.5,25.9,1026.9,,A_GUARDA
2021-03-25,10.0,5.3,14.8,,,36.0,5.2,33.3,1025.2,,A_GUARDA
2021-03-26,10.5,6.3,14.9,,,30.0,5.8,25.9,1025.7,,A_GUARDA
2021-03-27,11.9,6.0,18.4,,,42.0,7.2,25.9,1024.8,,A_GUARDA
2021-03-28,15.2,8.1,22.2,,,62.0,7.2,24.1,1023.7,,A_GUARDA
2021-03-29,15.8,12.1,20.6,,,60.0,6.1,22.2,1021.5,,A_GUARDA
2021-03-30,17.2,12.2,23.4,,,58.0,6.3,24.1,1020.6,,A_GUARDA
2021-03-31,19.6,14.3,26.9,,,106.0,6.9,24.1,1012.9,,A_GUARDA
2021-04-01,15.8,13.2,17.9,,,209.0,5.2,31.5,1012.4,,A_GUARDA
2021-04-02,13.9,12.0,16.3,,,22.0,3.6,24.1,1017.9,,A_GUARDA
2021-04-03,14.7,11.2,19.0,,,6.0,3.7,22.2,1016.3,,A_GUARDA
2021-04-04,15.0,10.4,20.0,,,40.0,5.6,20.4,1016.1,,A_GUARDA
2021-04-05,14.3,9.1,20.0,,,23.0,5.5,20.4,1017.3,,A_GUARDA
2021-04-06,13.3,8.6,18.3,,,27.0,5.6,25.9,1015.2,,A_GUARDA
2021-04-07,13.9,8.8,20.1,,,96.0,7.1,24.1,1014.8,,A_GUARDA
2021-04-08,13.9,10.3,18.0,,,70.0,5.7,24.1,1018.4,,A_GUARDA
2021-04-09,13.6,10.1,17.5,,,96.0,5.6,25.9,1015.5,,A_GUARDA
2021-04-10,14.0,12.5,15.8,,,324.0,4.7,24.1,1011.6,,A_GUARDA
2021-04-11,14.1,10.6,18.3,,,33.0,6.2,27.8,1016.1,,A_GUARDA
2021-04-12,14.1,9.6,19.3,,,95.0,8.6,33.3,1021.4,,A_GUARDA
2021-04-13,14.5,11.7,16.4,,,85.0,5.9,24.1,1019.8,,A_GUARDA
2021-04-14,16.4,12.9,20.3,,,53.0,5.8,22.2,1015.9,,A_GUARDA
2021-04-15,16.8,12.6,22.0,,,60.0,7.3,24.1,1014.1,,A_GUARDA
2021-04-16,15.3,9.6,20.5,,,68.0,6.5,24.1,1016.5,,A_GUARDA
2021-04-17,14.4,9.1,20.2,,,66.0,6.6,22.2,1019.3,,A_GUARDA
2021-04-18,14.3,7.9,21.0,,,55.0,5.6,22.2,1020.4,,A_GUARDA
2021-04-19,14.2,11.2,17.7,,,32.0,3.4,20.4,1019.5,,A_GUARDA
2021-04-20,13.6,11.2,16.1,,,15.0,3.7,24.1,1016.4,,A_GUARDA
2021-04-21,12.8,10.4,15.5,,,86.0,4.1,25.9,1011.8,,A_GUARDA
2021-04-22,14.5,11.8,17.6,,,29.0,3.9,20.4,1012.7,,A_GUARDA
2021-04-23,15.4,11.8,19.3,,,105.0,5.3,27.8,1011.6,,A_GUARDA
2021-04-24,16.8,14.1,20.8,,,136.0,5.4,37.0,1010.5,,A_GUARDA
2021-04-25,15.9,13.5,18.7,,,101.0,3.8,18.5,1008.7,,A_GUARDA
2021-04-26,15.2,12.0,18.5,,,30.0,4.8,22.2,1007.3,,A_GUARDA
2021-04-27,14.5,10.6,18.3,,,23.0,5.4,25.9,1006.8,,A_GUARDA
2021-04-28,14.5,11.8,17.9,,,4.0,6.9,33.3,1007.5,,A_GUARDA
2021-04-29,12.1,7.7,16.0,,,1.0,6.2,37.0,1011.0,,A_GUARDA
2021-04-30,12.0,6.8,16.6,,,18.0,7.6,40.8,1013.1,,A_GUARDA
2021-05-01,11.4,7.2,15.6,,,2.0,6.9,38.9,1017.4,,A_GUARDA
2021-05-02,11.1,5.1,16.3,,,23.0,6.5,35.2,1019.7,,A_GUARDA
2021-05-03,12.9,7.1,18.7,,,23.0,6.7,31.5,1019.9,,A_GUARDA
2021-05-04,12.6,5.9,17.8,,,8.0,6.9,35.2,1020.7,,A_GUARDA
2021-05-05,14.7,10.4,18.5,,,358.0,6.0,31.5,1020.5,,A_GUARDA
2021-05-06,14.8,11.1,18.2,,,8.0,4.2,22.2,1020.4,,A_GUARDA
2021-05-07,15.6,12.4,19.0,,,7.0,3.3,20.4,1020.5,,A_GUARDA
2021-05-08,15.4,10.9,19.4,,,199.0,4.4,24.1,1013.9,,A_GUARDA
2021-05-09,14.3,12.6,16.0,,,249.0,8.1,33.3,1006.3,,A_GUARDA
2021-05-10,12.7,11.0,14.3,,,305.0,8.0,31.5,1011.7,,A_GUARDA
2021-05-11,13.1,10.0,15.5,,,305.0,8.9,33.3,1020.1,,A_GUARDA
2021-05-12,14.8,13.4,16.4,,,295.0,11.9,46.3,1020.4,,A_GUARDA
2021-05-13,15.0,13.1,16.8,,,302.0,9.4,38.9,1018.7,,A_GUARDA
2021-05-14,13.9,8.7,17.3,,,354.0,4.2,20.4,1020.9,,A_GUARDA
2021-05-15,16.3,14.7,17.5,,,272.0,7.6,27.8,1018.1,,A_GUARDA
2021-05-16,16.8,12.9,18.2,,,313.0,7.9,27.8,1018.8,,A_GUARDA
2021-05-17,14.2,9.6,18.2,,,6.0,5.4,24.1,1022.3,,A_GUARDA
2021-05-18,15.8,12.2,18.2,,,306.0,7.5,29.6,1022.3,,A_GUARDA
2021-05-19,14.7,9.7,19.7,,,355.0,6.6,27.8,1025.6,,A_GUARDA
2021-05-20,15.5,10.6,20.0,,,349.0,7.6,31.5,1023.3,,A_GUARDA
2021-05-21,15.1,12.3,17.3,,,340.0,6.0,25.9,1020.6,,A_GUARDA
2021-05-22,13.3,10.4,16.4,,,326.0,5.7,31.5,1020.3,,A_GUARDA
2021-05-23,13.0,7.7,16.9,,,350.0,6.2,27.8,1022.5,,A_GUARDA
2021-05-24,15.3,11.9,17.5,,,330.0,8.7,31.5,1024.3,,A_GUARDA
2021-05-25,15.0,9.4,20.5,,,353.0,7.7,33.3,1025.3,,A_GUARDA
2021-05-26,16.3,12.1,20.0,,,0.0,7.8,29.6,1018.9,,A_GUARDA
2021-05-27,15.5,10.9,19.3,,,327.0,8.4,33.3,1016.4,,A_GUARDA
2021-05-28,15.4,11.5,18.9,,,331.0,7.4,31.5,1017.8,,A_GUARDA
2021-05-29,15.8,11.7,20.1,,,337.0,7.5,31.5,1020.1,,A_GUARDA
2021-05-30,16.3,12.9,20.6,,,338.0,5.6,24.1,1016.4,,A_GUARDA
2021-05-31,16.1,12.3,19.4,,,247.0,5.0,22.2,1012.0,,A_GUARDA
2021-06-01,16.2,14.2,18.4,,,195.0,3.8,20.4,1012.5,,A_GUARDA
2021-06-02,14.7,12.4,18.0,,,90.0,4.0,22.2,1015.7,,A_GUARDA
2021-06-03,14.5,10.1,19.0,,,349.0,7.8,42.6,1021.4,,A_GUARDA
2021-06-04,15.0,9.3,19.8,,,347.0,8.8,40.8,1024.0,,A_GUARDA
2021-06-05,16.2,11.1,20.7,,,350.0,8.6,35.2,1023.0,,A_GUARDA
2021-06-06,16.0,11.6,20.5,,,324.0,7.8,31.5,1022.4,,A_GUARDA
2021-06-07,15.5,11.3,19.5,,,316.0,7.7,31.5,1021.4,,A_GUARDA
2021-06-08,15.5,11.1,19.9,,,333.0,7.9,31.5,1022.2,,A_GUARDA
2021-06-09,17.8,12.2,22.9,,,332.0,8.3,35.2,1021.6,,A_GUARDA
2021-06-10,17.9,14.2,21.6,,,322.0,7.2,33.3,1018.3,,A_GUARDA
2021-06-11,19.2,14.7,24.2,,,311.0,5.5,27.8,1015.0,,A_GUARDA
2021-06-12,23.9,18.6,29.0,,,54.0,6.1,22.2,1015.6,,A_GUARDA
2021-06-13,21.8,18.3,25.4,,,60.0,5.4,24.1,1018.8,,A_GUARDA
2021-06-14,20.3,16.3,24.1,,,51.0,4.6,27.8,1018.9,,A_GUARDA
2021-06-15,21.8,16.9,26.6,,,25.0,6.0,22.2,1014.9,,A_GUARDA
2021-06-16,19.5,17.3,21.9,,,296.0,5.9,27.8,1011.8,,A_GUARDA
2021-06-17,17.1,15.0,19.4,,,304.0,5.1,29.6,1011.4,,A_GUARDA
2021-06-18,17.0,13.9,20.8,,,356.0,4.2,37.0,1012.6,,A_GUARDA
2021-06-19,15.7,12.4,18.4,,,328.0,4.9,25.9,1016.0,,A_GUARDA
2021-06-20,16.0,14.6,17.6,,,242.0,9.9,40.8,1010.9,,A_GUARDA
2021-06-21,16.2,13.8,19.3,,,281.0,6.6,27.8,1014.1,,A_GUARDA
2021-06-22,17.5,12.2,22.4,,,1.0,6.1,25.9,1019.7,,A_GUARDA
2021-06-23,18.2,12.3,23.7,,,37.0,7.5,31.5,1021.5,,A_GUARDA
2021-06-24,20.4,14.0,26.2,,,53.0,8.3,29.6,1019.8,,A_GUARDA
2021-06-25,21.4,16.4,26.5,,,55.0,7.1,22.2,1017.7,,A_GUARDA
2021-06-26,16.8,13.5,19.9,,,339.0,5.2,18.5,1016.6,,A_GUARDA
2021-06-27,16.3,13.6,19.0,,,356.0,6.8,29.6,1019.2,,A_GUARDA
2021-06-28,15.7,11.5,19.7,,,352.0,8.6,35.2,1022.3,,A_GUARDA
2021-06-29,15.9,11.0,20.5,,,355.0,8.8,37.0,1021.3,,A_GUARDA
2021-06-30,15.8,11.1,19.8,,,332.0,8.5,35.2,1018.3,,A_GUARDA
2021-07-01,16.0,12.3,19.6,,,323.0,7.1,29.6,1018.9,,A_GUARDA
2021-07-02,16.9,13.6,20.4,,,271.0,5.1,20.4,1018.7,,A_GUARDA
2021-07-03,18.8,16.6,21.4,,,251.0,3.7,14.8,1019.2,,A_GUARDA
2021-07-04,18.2,16.2,20.8,,,173.0,5.5,25.9,1019.6,,A_GUARDA
2021-07-05,18.9,16.0,21.4,,,227.0,6.0,25.9,1016.7,,A_GUARDA
2021-07-06,17.1,14.6,20.0,,,266.0,4.1,20.4,1017.6,,A_GUARDA
2021-07-07,16.7,13.2,20.2,,,351.0,5.4,29.6,1022.3,,A_GUARDA
2021-07-08,17.3,12.0,22.2,,,338.0,7.4,40.8,1024.3,,A_GUARDA
2021-07-09,18.4,12.8,23.7,,,328.0,7.9,35.2,1020.8,,A_GUARDA
2021-07-10,20.1,14.7,25.2,,,329.0,7.2,33.3,1017.9,,A_GUARDA
2021-07-11,18.5,15.1,22.0,,,330.0,9.2,38.9,1016.2,,A_GUARDA
2021-07-12,16.4,13.0,19.9,,,345.0,7.9,33.3,1022.5,,A_GUARDA
2021-07-13,16.8,12.0,21.1,,,343.0,8.4,33.3,1024.7,,A_GUARDA
2021-07-14,20.1,14.2,25.8,,,2.0,6.5,31.5,1020.1,,A_GUARDA
2021-07-15,23.4,17.8,29.4,,,38.0,7.1,25.9,1016.5,,A_GUARDA
2021-07-16,25.7,20.6,31.4,,,58.0,7.6,24.1,1015.9,,A_GUARDA
2021-07-17,23.4,17.8,28.0,,,43.0,7.2,24.1,1016.3,,A_GUARDA
2021-07-18,18.2,15.6,20.4,,,312.0,6.9,25.9,1019.1,,A_GUARDA
2021-07-19,17.7,15.3,20.5,,,313.0,7.2,29.6,1016.7,,A_GUARDA
2021-07-20,17.8,15.3,20.5,,,329.0,7.6,31.5,1017.2,,A_GUARDA
2021-07-21,17.4,14.3,20.9,,,317.0,7.5,29.6,1019.1,,A_GUARDA
2021-07-22,16.7,13.4,20.2,,,327.0,5.9,25.9,1018.3,,A_GUARDA
2021-07-23,17.9,14.9,21.3,,,316.0,3.8,22.2,1016.6,,A_GUARDA
2021-07-24,18.1,15.5,21.4,,,208.0,4.4,20.4,1017.3,,A_GUARDA
2021-07-25,18.0,15.5,20.7,,,99.0,3.6,20.4,1015.4,,A_GUARDA
2021-07-26,18.2,13.9,22.5,,,334.0,6.3,31.5,1016.9,,A_GUARDA
2021-07-27,18.7,14.2,23.1,,,326.0,8.2,38.9,1016.9,,A_GUARDA
2021-07-28,19.6,14.1,25.1,,,334.0,7.9,38.9,1015.6,,A_GUARDA
2021-07-29,18.1,13.7,21.9,,,335.0,8.3,38.9,1015.2,,A_GUARDA
2021-07-30,17.3,13.4,21.3,,,353.0,7.2,33.3,1018.0,,A_GUARDA
2021-07-31,17.2,12.8,21.3,,,341.0,8.9,37.0,1020.1,,A_GUARDA
2021-08-01,16.6,12.1,19.9,,,9.0,6.9,35.2,1019.1,,A_GUARDA
2021-08-02,19.3,16.2,23.6,,,30.0,5.9,29.6,1016.6,,A_GUARDA
2021-08-03,17.8,13.5,21.3,,,320.0,6.9,31.5,1018.8,,A_GUARDA
2021-08-04,19.4,16.1,21.7,,,323.0,6.2,27.8,1019.9,,A_GUARDA
2021-08-05,18.1,15.3,21.4,,,28.0,4.3,18.5,1019.6,,A_GUARDA
2021-08-06,18.3,13.8,22.3,,,356.0,3.4,20.4,1015.4,,A_GUARDA
2021-08-07,18.2,15.1,21.3,,,332.0,5.2,31.5,1014.8,,A_GUARDA
2021-08-08,17.2,12.2,22.3,,,14.0,6.2,35.2,1017.9,,A_GUARDA
2021-08-09,17.3,12.7,21.8,,,7.0,7.4,33.3,1017.1,,A_GUARDA
2021-08-10,17.9,12.6,22.8,,,350.0,7.6,33.3,1017.4,,A_GUARDA
2021-08-11,18.2,14.7,22.7,,,317.0,7.7,35.2,1017.3,,A_GUARDA
2021-08-12,17.8,14.4,21.8,,,322.0,6.9,29.6,1019.3,,A_GUARDA
2021-08-13,18.3,14.7,22.8,,,343.0,5.7,27.8,1020.5,,A_GUARDA
2021-08-14,17.3,14.5,20.8,,,354.0,5.1,25.9,1020.1,,A_GUARDA
2021-08-15,19.0,14.3,24.2,,,346.0,6.1,33.3,1019.6,,A_GUARDA
2021-08-16,19.9,14.1,25.6,,,5.0,6.3,37.0,1020.9,,A_GUARDA
2021-08-17,20.3,14.5,26.1,,,24.0,6.5,35.2,1021.3,,A_GUARDA
2021-08-18,19.3,14.1,24.7,,,22.0,6.3,35.2,1018.1,,A_GUARDA
2021-08-19,17.1,12.3,21.4,,,344.0,6.6,31.5,1014.8,,A_GUARDA
2021-08-20,16.5,12.8,20.5,,,351.0,4.8,24.1,1016.9,,A_GUARDA
2021-08-21,18.0,14.7,21.7,,,18.0,5.4,24.1,1020.5,,A_GUARDA
2021-08-22,18.6,14.8,23.1,,,349.0,5.5,25.9,1019.9,,A_GUARDA
2021-08-23,22.5,16.5,28.4,,,27.0,5.0,24.1,1015.1,,A_GUARDA
2021-08-24,23.5,17.5,27.9,,,24.0,6.2,20.4,1011.5,,A_GUARDA
2021-08-25,18.8,15.7,22.7,,,319.0,4.6,29.6,1011.8,,A_GUARDA
2021-08-26,18.5,16.1,21.8,,,313.0,3.8,20.4,1014.8,,A_GUARDA
2021-08-27,17.5,14.0,21.0,,,341.0,4.9,24.1,1016.2,,A_GUARDA
2021-08-28,17.4,14.4,20.6,,,331.0,5.5,27.8,1018.2,,A_GUARDA
2021-08-29,17.5,14.4,20.9,,,359.0,5.1,31.5,1017.0,,A_GUARDA
2021-08-30,17.3,14.1,20.8,,,19.0,4.5,25.9,1015.3,,A_GUARDA
2021-08-31,17.7,13.5,22.2,,,15.0,4.8,25.9,1015.4,,A_GUARDA
2021-09-01,18.5,15.9,21.9,,,354.0,4.8,29.6,1015.5,,A_GUARDA
2021-09-02,19.0,16.8,22.3,,,80.0,3.8,22.2,1018.1,,A_GUARDA
2021-09-03,18.4,15.1,22.4,,,65.0,4.6,27.8,1018.6,,A_GUARDA
2021-09-04,17.6,13.3,22.4,,,65.0,4.4,20.4,1016.0,,A_GUARDA
2021-09-05,20.1,14.6,26.0,,,78.0,3.9,22.2,1013.6,,A_GUARDA
2021-09-06,21.6,18.6,26.0,,,38.0,5.5,27.8,1013.2,,A_GUARDA
2021-09-07,20.6,18.8,23.3,,,225.0,6.4,29.6,1013.7,,A_GUARDA
2021-09-08,20.0,18.7,22.1,,,220.0,7.2,29.6,1015.5,,A_GUARDA
2021-09-09,19.2,17.6,21.3,,,211.0,4.1,29.6,1017.5,,A_GUARDA
2021-09-10,18.7,15.8,22.4,,,174.0,3.5,27.8,1019.4,,A_GUARDA
2021-09-11,19.2,14.5,24.2,,,98.0,4.1,20.4,1017.8,,A_GUARDA
2021-09-12,20.1,16.3,24.8,,,21.0,3.8,20.4,1012.7,,A_GUARDA
2021-09-13,20.3,17.1,24.7,,,194.0,3.9,25.9,1010.5,,A_GUARDA
2021-09-14,20.3,17.8,24.2,,,75.0,3.3,18.5,1009.6,,A_GUARDA
2021-09-15,19.0,16.8,22.2,,,36.0,2.9,22.2,1014.7,,A_GUARDA
2021-09-16,18.9,15.3,23.0,,,6.0,5.0,31.5,1019.4,,A_GUARDA
2021-09-17,17.0,13.8,20.9,,,11.0,3.7,20.4,1018.7,,A_GUARDA
2021-09-18,16.7,12.5,21.3,,,26.0,4.8,25.9,1020.3,,A_GUARDA
2021-09-19,17.0,11.7,22.5,,,24.0,5.4,27.8,1022.5,,A_GUARDA
2021-09-20,18.6,13.6,24.1,,,42.0,7.0,31.5,1023.3,,A_GUARDA
2021-09-21,18.9,13.4,24.4,,,63.0,6.9,25.9,1023.4,,A_GUARDA
2021-09-22,19.6,15.1,24.7,,,69.0,7.1,31.5,1019.6,,A_GUARDA
2021-09-23,19.9,15.6,25.3,,,67.0,6.9,27.8,1015.7,,A_GUARDA
2021-09-24,18.2,15.7,21.0,,,42.0,2.8,22.2,1013.4,,A_GUARDA
2021-09-25,17.4,15.5,20.0,,,53.0,3.2,18.5,1015.4,,A_GUARDA
2021-09-26,18.1,15.8,21.0,,,147.0,4.2,20.4,1020.9,,A_GUARDA
2021-09-27,17.7,14.5,19.8,,,220.0,4.3,22.2,1022.9,,A_GUARDA
2021-09-28,15.3,10.9,19.8,,,23.0,4.2,22.2,1025.0,,A_GUARDA
2021-09-29,15.9,11.0,21.6,,,43.0,4.9,27.8,1028.1,,A_GUARDA
2021-09-30,16.0,11.9,21.1,,,21.0,5.5,25.9,1025.6,,A_GUARDA
2021-10-01,16.2,11.8,20.3,,,13.0,3.5,22.2,1022.9,,A_GUARDA
2021-10-02,18.4,16.9,20.1,,,249.0,7.0,35.2,1015.5,,A_GUARDA
2021-10-03,16.0,11.9,18.8,,,303.0,7.0,38.9,1015.2,,A_GUARDA
2021-10-04,14.7,11.4,17.8,,,98.0,3.7,20.4,1022.5,,A_GUARDA
2021-10-05,17.4,14.7,19.8,,,355.0,3.8,20.4,1022.8,,A_GUARDA
2021-10-06,16.7,12.5,21.9,,,48.0,3.8,18.5,1024.1,,A_GUARDA
2021-10-07,17.5,13.6,23.0,,,39.0,5.1,20.4,1021.5,,A_GUARDA
2021-10-08,16.8,13.2,21.5,,,51.0,4.8,18.5,1020.2,,A_GUARDA
2021-10-09,15.3,12.2,19.0,,,46.0,3.4,18.5,1019.7,,A_GUARDA
2021-10-10,18.2,14.3,24.8,,,91.0,5.4,22.2,1018.8,,A_GUARDA
2021-10-11,19.2,15.0,26.1,,,90.0,8.1,25.9,1018.5,,A_GUARDA
2021-10-12,18.5,13.6,25.1,,,74.0,7.2,22.2,1018.3,,A_GUARDA
2021-10-13,17.3,12.4,24.9,,,84.0,7.0,25.9,1018.8,,A_GUARDA
2021-10-14,15.4,11.4,22.7,,,70.0,6.2,24.1,1020.1,,A_GUARDA
2021-10-15,13.9,9.6,19.3,,,104.0,5.0,22.2,1021.2,,A_GUARDA
2021-10-16,15.3,11.7,19.5,,,72.0,3.6,20.4,1018.5,,A_GUARDA
2021-10-17,18.0,15.9,19.8,,,76.0,3.8,22.2,1017.8,,A_GUARDA
2021-10-18,18.6,15.7,20.7,,,132.0,3.6,16.7,1021.2,,A_GUARDA
2021-10-19,18.4,14.9,23.1,,,169.0,6.3,24.1,1021.0,,A_GUARDA
2021-10-20,18.5,15.9,21.0,,,229.0,3.8,24.1,1021.4,,A_GUARDA
2021-10-21,15.1,11.4,18.3,,,51.0,3.3,31.5,1023.3,,A_GUARDA
2021-10-22,13.8,9.1,19.8,,,68.0,4.5,18.5,1022.8,,A_GUARDA
2021-10-23,12.9,9.2,17.9,,,75.0,4.8,31.5,1022.5,,A_GUARDA
2021-10-24,12.6,8.4,17.2,,,80.0,4.6,24.1,1023.4,,A_GUARDA
2021-10-25,14.0,11.3,17.7,,,74.0,5.3,14.8,1023.6,,A_GUARDA
2021-10-26,13.8,9.6,19.9,,,61.0,5.5,25.9,1022.9,,A_GUARDA
2021-10-27,13.7,9.6,19.7,,,74.0,4.8,20.4,1021.2,,A_GUARDA
2021-10-28,14.2,9.8,18.5,,,110.0,9.3,37.0,1014.5,,A_GUARDA
2021-10-29,15.9,14.8,16.8,,,271.0,9.5,57.4,1007.4,,A_GUARDA
2021-10-30,16.8,15.5,18.2,,,323.0,6.2,57.4,1006.1,,A_GUARDA
2021-10-31,17.1,14.7,18.4,,,235.0,7.3,31.5,1010.8,,A_GUARDA
2021-11-01,14.1,11.5,17.0,,,312.0,3.6,29.6,1017.5,,A_GUARDA
2021-11-02,13.1,10.3,15.2,,,318.0,7.7,42.6,1014.1,,A_GUARDA
2021-11-03,10.1,7.0,13.5,,,9.0,4.3,31.5,1014.6,,A_GUARDA
2021-11-04,9.6,5.1,14.5,,,63.0,4.8,27.8,1020.0,,A_GUARDA
2021-11-05,10.6,6.3,15.4,,,70.0,6.6,27.8,1027.6,,A_GUARDA
2021-11-06,10.0,6.4,15.3,,,77.0,6.5,29.6,1030.2,,A_GUARDA
2021-11-07,9.5,4.5,15.2,,,69.0,5.5,22.2,1027.4,,A_GUARDA
2021-11-08,12.2,9.0,17.2,,,69.0,5.1,29.6,1023.5,,A_GUARDA
2021-11-09,13.1,9.7,18.2,,,84.0,4.8,25.9,1019.3,,A_GUARDA
2021-11-10,12.6,9.8,17.7,,,70.0,5.1,22.2,1019.0,,A_GUARDA
2021-11-11,11.1,8.5,15.6,,,77.0,4.1,18.5,1020.2,,A_GUARDA
2021-11-12,10.7,7.0,15.7,,,75.0,4.1,20.4,1020.0,,A_GUARDA
2021-11-13,11.3,8.0,16.8,,,75.0,4.7,22.2,1020.1,,A_GUARDA
2021-11-14,10.8,7.3,16.9,,,54.0,5.0,24.1,1020.4,,A_GUARDA
2021-11-15,11.1,6.8,16.7,,,74.0,5.0,24.1,1021.6,,A_GUARDA
2021-11-16,11.7,8.7,16.4,,,68.0,5.2,24.1,1021.7,,A_GUARDA
2021-11-17,11.2,8.2,16.4,,,78.0,6.2,24.1,1023.5,,A_GUARDA
2021-11-18,10.9,7.7,16.6,,,80.0,6.5,25.9,1024.5,,A_GUARDA
2021-11-19,11.9,8.1,17.7,,,91.0,7.6,27.8,1022.1,,A_GUARDA
2021-11-20,13.4,10.6,18.1,,,85.0,5.6,25.9,1019.5,,A_GUARDA
2021-11-21,11.4,8.5,15.6,,,69.0,4.5,20.4,1017.2,,A_GUARDA
2021-11-22,9.4,6.6,13.3,,,47.0,6.2,29.6,1015.3,,A_GUARDA
2021-11-23,9.9,6.3,14.9,,,35.0,5.1,25.9,1015.6,,A_GUARDA
2021-11-24,9.4,6.5,13.9,,,37.0,5.7,31.5,1018.4,,A_GUARDA
2021-11-25,8.9,6.5,12.3,,,32.0,3.8,24.1,1013.8,,A_GUARDA
2021-11-26,9.4,6.9,12.9,,,13.0,4.8,22.2,1017.7,,A_GUARDA
2021-11-27,9.4,5.0,12.5,,,21.0,4.5,25.9,1016.9,,A_GUARDA
2021-11-28,7.9,4.3,11.7,,,22.0,3.8,22.2,1023.1,,A_GUARDA
2021-11-29,11.0,8.7,12.9,,,7.0,3.2,18.5,1025.3,,A_GUARDA
2021-11-30,9.2,7.2,12.9,,,38.0,3.8,18.5,1027.6,,A_GUARDA
2021-12-01,9.8,7.5,12.1,,,21.0,3.8,22.2,1024.6,,A_GUARDA
2021-12-02,9.8,6.3,13.3,,,3.0,5.5,18.5,1022.9,,A_GUARDA
2021-12-03,8.5,4.6,11.7,,,8.0,3.9,25.9,1027.5,,A_GUARDA
2021-12-04,12.2,8.5,14.5,,,338.0,7.3,31.5,1026.2,,A_GUARDA
2021-12-05,10.6,8.2,13.7,,,21.0,3.9,24.1,1029.0,,A_GUARDA
2021-12-06,11.3,9.3,13.2,,,37.0,4.6,24.1,1028.0,,A_GUARDA
2021-12-07,13.0,10.5,14.4,,,311.0,11.4,51.8,1018.8,,A_GUARDA
2021-12-08,9.8,8.5,10.5,,,326.0,10.3,38.9,1021.2,,A_GUARDA
2021-12-09,12.4,10.4,13.7,,,337.0,7.5,42.6,1026.5,,A_GUARDA
2021-12-10,13.0,10.3,14.3,,,321.0,6.9,46.3,1025.7,,A_GUARDA
2021-12-11,11.3,8.7,13.9,,,355.0,3.8,92.6,1027.7,,A_GUARDA
2021-12-12,9.7,6.7,14.3,,,67.0,5.8,31.5,1024.9,,A_GUARDA
2021-12-13,11.6,9.1,16.2,,,72.0,7.8,33.3,1022.4,,A_GUARDA
2021-12-14,10.3,7.2,15.1,,,90.0,6.4,59.3,1024.6,,A_GUARDA
2021-12-15,8.9,5.8,14.7,,,359.0,5.8,48.2,1024.2,,A_GUARDA
2021-12-16,8.7,5.4,14.7,,,353.0,7.2,59.3,1024.6,,A_GUARDA
2021-12-17,8.1,4.8,14.2,,,4.0,7.5,35.2,1025.5,,A_GUARDA
2021-12-18,7.9,4.0,14.3,,,87.0,6.7,33.3,1025.5,,A_GUARDA
2021-12-19,9.1,4.9,14.3,,,106.0,9.2,42.6,1021.3,,A_GUARDA
2021-12-20,13.3,10.9,15.4,,,105.0,12.2,46.3,1015.5,,A_GUARDA
2021-12-21,15.7,13.3,17.6,,,100.0,8.9,46.3,1013.9,,A_GUARDA
2021-12-22,15.4,13.9,16.9,,,99.0,6.6,38.9,1014.6,,A_GUARDA
2021-12-23,14.4,13.3,15.8,,,210.0,5.8,29.6,1013.6,,A_GUARDA
2021-12-24,13.1,12.7,13.5,,,225.0,9.9,33.3,1007.4,,A_GUARDA
2021-12-25,13.2,12.0,14.8,,,120.0,5.5,33.3,1004.5,,A_GUARDA
2021-12-26,14.4,12.4,16.1,,,258.0,10.1,50.0,1008.5,,A_GUARDA
2021-12-27,15.3,14.3,16.2,,,272.0,12.8,44.5,1014.1,,A_GUARDA
2021-12-28,15.6,15.1,16.3,,,249.0,8.6,40.8,1021.6,,A_GUARDA
2021-12-29,15.4,13.7,16.7,,,205.0,4.8,24.1,1024.5,,A_GUARDA
2021-12-30,13.4,11.1,16.5,,,9.0,7.5,116.7,1021.8,,A_GUARDA
2021-12-31,14.6,11.5,18.5,,,197.0,6.7,51.8,1023.0,,A_GUARDA
2022-01-01,17.5,15.0,20.2,,,207.0,8.8,37.0,1023.8,,A_GUARDA
2022-01-02,14.5,11.2,16.6,,,327.0,3.2,29.6,1028.9,,A_GUARDA
2022-01-03,13.5,11.1,15.4,,,259.0,6.9,37.0,1024.0,,A_GUARDA
2022-01-04,11.7,9.4,14.7,,,291.0,9.4,40.8,1017.4,,A_GUARDA
2022-01-05,9.8,8.6,12.1,,,328.0,4.4,31.5,1021.1,,A_GUARDA
2022-01-06,8.9,6.2,11.6,,,34.0,3.1,18.5,1024.0,,A_GUARDA
2022-01-07,9.8,6.0,13.7,,,54.0,5.8,33.3,1031.3,,A_GUARDA
2022-01-08,8.0,4.2,11.9,,,5.0,4.2,22.2,1032.3,,A_GUARDA
2022-01-09,12.4,9.7,14.0,,,324.0,6.2,40.8,1027.6,,A_GUARDA
2022-01-10,12.5,9.1,14.0,,,334.0,3.1,22.2,1026.5,,A_GUARDA
2022-01-11,10.2,6.7,15.0,,,33.0,7.6,38.9,1027.1,,A_GUARDA
2022-01-12,10.1,5.5,15.4,,,64.0,7.3,44.5,1028.6,,A_GUARDA
2022-01-13,7.3,3.7,13.7,,,84.0,7.6,37.0,1030.3,,A_GUARDA
2022-01-14,6.2,2.3,12.6,,,83.0,5.9,64.8,1030.7,,A_GUARDA
2022-01-15,7.1,2.4,13.1,,,86.0,6.8,37.0,1027.0,,A_GUARDA
2022-01-16,10.8,7.8,14.9,,,108.0,5.8,25.9,1029.0,,A_GUARDA
2022-01-17,9.4,6.8,14.0,,,105.0,4.5,22.2,1032.1,,A_GUARDA
2022-01-18,7.8,4.4,13.2,,,96.0,4.1,20.4,1031.0,,A_GUARDA
2022-01-19,7.4,3.4,13.3,,,305.0,5.5,27.8,1031.1,,A_GUARDA
2022-01-20,8.0,3.9,14.4,,,314.0,5.9,24.1,1029.0,,A_GUARDA
2022-01-21,7.5,3.9,12.8,,,76.0,6.1,31.5,1027.4,,A_GUARDA
2022-01-22,6.4,3.1,12.5,,,93.0,7.9,42.6,1027.7,,A_GUARDA
2022-01-23,5.5,1.5,11.9,,,59.0,5.3,37.0,1025.5,,A_GUARDA
2022-01-24,5.3,0.8,11.4,,,111.0,5.7,50.0,1026.9,,A_GUARDA
2022-01-25,6.5,2.3,12.5,,,63.0,4.6,46.3,1030.2,,A_GUARDA
2022-01-26,7.3,3.3,13.6,,,68.0,4.4,42.6,1028.4,,A_GUARDA
2022-01-27,8.4,4.0,14.8,,,53.0,5.3,44.5,1028.4,,A_GUARDA
2022-01-28,8.7,5.2,15.5,,,38.0,5.9,48.2,1030.3,,A_GUARDA
2022-01-29,8.1,3.4,15.1,,,341.0,6.9,53.7,1031.8,,A_GUARDA
2022-01-30,8.1,3.4,15.3,,,5.0,8.6,59.3,1029.5,,A_GUARDA
2022-01-31,8.1,3.7,14.7,,,25.0,7.2,61.1,1030.7,,A_GUARDA
2022-02-01,10.3,6.3,15.5,,,81.0,7.3,42.6,1031.8,,A_GUARDA
2022-02-02,11.3,7.2,17.1,,,48.0,8.4,44.5,1027.5,,A_GUARDA
2022-02-03,10.2,7.5,14.0,,,67.0,5.3,27.8,1024.3,,A_GUARDA
2022-02-04,10.7,8.5,13.2,,,91.0,2.8,24.1,1025.5,,A_GUARDA
2022-02-05,9.8,6.6,14.8,,,93.0,5.0,25.9,1027.7,,A_GUARDA
2022-02-06,8.5,4.9,13.9,,,44.0,6.1,27.8,1030.5,,A_GUARDA
2022-02-07,9.6,4.6,16.1,,,20.0,5.6,33.3,1030.0,,A_GUARDA
2022-02-08,10.3,6.4,16.6,,,78.0,6.8,35.2,1027.6,,A_GUARDA
2022-02-09,10.8,6.8,16.6,,,31.0,6.2,51.8,1028.4,,A_GUARDA
2022-02-10,11.1,7.6,15.4,,,38.0,6.0,66.7,1027.7,,A_GUARDA
2022-02-11,11.1,8.4,15.2,,,37.0,4.0,24.1,1026.6,,A_GUARDA
2022-02-12,9.7,7.3,13.1,,,354.0,4.3,22.2,1024.2,,A_GUARDA
2022-02-13,10.2,6.8,12.5,,,278.0,9.1,51.8,1018.2,,A_GUARDA
2022-02-14,9.6,6.7,12.6,,,336.0,5.2,27.8,1023.6,,A_GUARDA
2022-02-15,9.1,5.5,13.0,,,41.0,4.9,33.3,1030.5,,A_GUARDA
2022-02-16,12.4,9.8,14.5,,,287.0,4.6,31.5,1030.8,,A_GUARDA
2022-02-17,13.0,11.2,15.0,,,315.0,3.8,24.1,1028.3,,A_GUARDA
2022-02-18,11.2,7.5,13.0,,,14.0,4.8,27.8,1023.1,,A_GUARDA
2022-02-19,9.0,5.2,13.5,,,19.0,7.1,27.8,1028.6,,A_GUARDA
2022-02-20,10.0,5.6,14.9,,,6.0,6.2,29.6,1031.7,,A_GUARDA
2022-02-21,11.2,6.9,16.6,,,357.0,4.6,33.3,1031.2,,A_GUARDA
2022-02-22,12.0,7.6,18.2,,,29.0,5.4,24.1,1028.8,,A_GUARDA
2022-02-23,12.0,8.2,17.6,,,30.0,4.9,22.2,1022.1,,A_GUARDA
2022-02-24,11.0,6.3,16.6,,,32.0,5.2,38.9,1021.1,,A_GUARDA
2022-02-25,11.9,8.3,17.2,,,64.0,6.5,29.6,1022.6,,A_GUARDA
2022-02-26,10.8,7.2,15.1,,,53.0,4.5,33.3,1020.3,,A_GUARDA
2022-02-27,10.3,6.4,14.5,,,65.0,3.9,51.8,1023.2,,A_GUARDA
2022-02-28,10.8,7.2,15.1,,,90.0,4.5,27.8,1026.3,,A_GUARDA
2022-03-01,11.8,9.5,14.4,,,278.0,5.7,33.3,1024.9,,A_GUARDA
2022-03-02,11.7,9.9,13.6,,,324.0,4.7,25.9,1025.1,,A_GUARDA
2022-03-03,11.5,8.2,13.3,,,341.0,7.5,35.2,1021.4,,A_GUARDA
2022-03-04,9.0,4.8,13.6,,,15.0,6.2,35.2,1025.9,,A_GUARDA
2022-03-05,8.2,4.0,12.8,,,36.0,4.5,24.1,1019.2,,A_GUARDA
2022-03-06,8.9,4.5,14.0,,,56.0,6.4,29.6,1017.7,,A_GUARDA
2022-03-07,8.5,3.5,12.9,,,29.0,7.5,25.9,1013.7,,A_GUARDA
2022-03-08,11.1,9.0,14.0,,,286.0,7.3,31.5,1015.9,,A_GUARDA
2022-03-09,11.4,8.4,13.5,,,229.0,9.3,51.8,1016.7,,A_GUARDA
2022-03-10,11.5,7.4,14.6,,,150.0,9.1,40.8,1015.0,,A_GUARDA
2022-03-11,11.9,8.8,14.1,,,298.0,9.6,38.9,1013.6,,A_GUARDA
2022-03-12,10.0,7.8,12.5,,,256.0,7.6,42.6,1013.3,,A_GUARDA
2022-03-13,9.8,7.4,12.4,,,314.0,8.2,35.2,1013.5,,A_GUARDA
2022-03-14,10.7,7.0,14.8,,,77.0,5.9,35.2,1009.5,,A_GUARDA
2022-03-15,12.4,6.8,18.0,,,27.0,6.2,40.8,1011.9,,A_GUARDA
2022-03-16,13.4,10.8,17.2,,,36.0,7.0,63.0,1017.9,,A_GUARDA
2022-03-17,13.0,8.9,18.2,,,38.0,7.3,40.8,1024.6,,A_GUARDA
2022-03-18,12.6,7.3,18.3,,,76.0,7.7,29.6,1024.2,,A_GUARDA
2022-03-19,14.1,9.0,20.1,,,63.0,6.4,29.6,1020.8,,A_GUARDA
2022-03-20,15.0,10.9,20.4,,,93.0,7.4,35.2,1015.9,,A_GUARDA
2022-03-21,13.7,10.3,17.8,,,76.0,5.4,35.2,1015.6,,A_GUARDA
2022-03-22,12.2,10.0,15.6,,,107.0,6.1,27.8,1016.3,,A_GUARDA
2022-03-23,13.9,10.7,17.9,,,106.0,5.9,31.5,1016.0,,A_GUARDA
2022-03-24,14.9,10.3,19.8,,,59.0,5.6,33.3,1016.2,,A_GUARDA
2022-03-25,15.4,12.2,19.9,,,72.0,6.5,42.6,1015.3,,A_GUARDA
2022-03-26,14.8,10.8,20.0,,,63.0,5.7,27.8,1016.5,,A_GUARDA
2022-03-27,15.0,10.5,20.5,,,62.0,5.4,25.9,1019.4,,A_GUARDA
2022-03-28,14.8,11.8,19.3,,,61.0,5.5,29.6,1016.9,,A_GUARDA
2022-03-29,13.8,11.0,17.1,,,12.0,6.8,40.8,1011.2,,A_GUARDA
2022-03-30,12.1,8.4,15.9,,,354.0,6.6,37.0,1010.8,,A_GUARDA
2022-03-31,11.7,9.5,14.3,,,349.0,7.9,48.2,1011.9,,A_GUARDA
2022-04-01,10.8,6.2,15.4,,,27.0,7.6,42.6,1019.2,,A_GUARDA
2022-04-02,10.0,3.9,15.4,,,46.0,7.5,31.5,1021.3,,A_GUARDA
2022-04-03,10.4,5.6,15.6,,,65.0,9.1,35.2,1017.9,,A_GUARDA
2022-04-04,10.0,3.5,16.6,,,78.0,9.0,42.6,1016.2,,A_GUARDA
2022-04-05,10.1,4.8,15.3,,,47.0,7.2,42.6,1014.9,,A_GUARDA
2022-04-06,10.2,4.8,15.0,,,27.0,6.5,31.5,1018.4,,A_GUARDA
2022-04-07,13.3,10.7,16.4,,,308.0,7.2,31.5,1022.8,,A_GUARDA
2022-04-08,13.4,11.9,14.1,,,265.0,8.5,37.0,1019.4,,A_GUARDA
2022-04-09,13.5,10.1,16.9,,,28.0,5.6,24.1,1018.4,,A_GUARDA
2022-04-10,15.2,12.5,18.7,,,314.0,7.2,31.5,1009.3,,A_GUARDA
2022-04-11,14.0,12.6,15.6,,,227.0,9.7,44.5,1002.6,,A_GUARDA
2022-04-12,13.5,11.7,15.8,,,233.0,7.8,33.3,1008.1,,A_GUARDA
2022-04-13,13.5,11.0,16.7,,,343.0,5.8,27.8,1017.6,,A_GUARDA
2022-04-14,12.9,8.8,17.1,,,18.0,5.8,29.6,1021.1,,A_GUARDA
2022-04-15,13.2,8.4,18.0,,,3.0,6.5,27.8,1022.9,,A_GUARDA
2022-04-16,13.3,9.4,17.3,,,8.0,6.9,31.5,1023.7,,A_GUARDA
2022-04-17,13.9,9.6,18.5,,,354.0,6.6,35.2,1021.2,,A_GUARDA
2022-04-18,14.2,10.4,18.5,,,4.0,8.8,40.8,1018.7,,A_GUARDA
2022-04-19,12.8,9.4,16.8,,,3.0,9.6,38.9,1019.9,,A_GUARDA
2022-04-20,11.7,7.0,16.3,,,359.0,9.0,48.2,1017.9,,A_GUARDA
2022-04-21,10.6,6.3,13.8,,,21.0,6.5,42.6,1010.9,,A_GUARDA
2022-04-22,10.3,7.9,12.2,,,251.0,4.6,38.9,997.4,,A_GUARDA
2022-04-23,11.2,7.4,15.4,,,320.0,4.9,31.5,1004.9,,A_GUARDA
2022-04-24,12.9,10.0,16.6,,,344.0,3.6,35.2,1013.7,,A_GUARDA
2022-04-25,13.2,8.6,17.4,,,76.0,4.8,27.8,1012.6,,A_GUARDA
2022-04-26,13.9,10.8,17.1,,,105.0,5.2,24.1,1012.7,,A_GUARDA
2022-04-27,13.9,11.4,16.7,,,33.0,4.5,25.9,1018.0,,A_GUARDA
2022-04-28,14.7,9.5,20.7,,,28.0,4.6,22.2,1022.4,,A_GUARDA
2022-04-29,16.8,11.6,22.2,,,38.0,6.5,25.9,1024.8,,A_GUARDA
2022-04-30,15.5,11.7,20.0,,,12.0,6.6,24.1,1024.1,,A_GUARDA
2022-05-01,13.7,10.4,17.1,,,24.0,6.0,25.9,1023.2,,A_GUARDA
2022-05-02,14.0,10.4,17.7,,,353.0,7.0,44.5,1016.9,,A_GUARDA
2022-05-03,15.7,10.1,20.9,,,14.0,8.1,38.9,1015.2,,A_GUARDA
2022-05-04,17.0,12.3,21.7,,,14.0,7.4,27.8,1018.2,,A_GUARDA
2022-05-05,16.5,11.7,21.3,,,30.0,6.9,27.8,1022.0,,A_GUARDA
2022-05-06,16.6,11.3,22.0,,,30.0,5.2,20.4,1023.1,,A_GUARDA
2022-05-07,17.1,12.2,22.3,,,74.0,5.8,24.1,1021.3,,A_GUARDA
2022-05-08,17.2,12.3,22.3,,,16.0,4.5,20.4,1019.9,,A_GUARDA
2022-05-09,16.4,12.0,21.4,,,292.0,4.6,25.9,1020.6,,A_GUARDA
2022-05-10,15.0,11.2,19.5,,,336.0,5.9,25.9,1021.1,,A_GUARDA
2022-05-11,14.5,10.3,19.1,,,359.0,6.5,29.6,1019.4,,A_GUARDA
2022-05-12,16.1,12.0,20.5,,,21.0,5.9,27.8,1018.1,,A_GUARDA
2022-05-13,16.6,12.0,21.2,,,40.0,4.9,18.5,1019.6,,A_GUARDA
2022-05-14,19.9,13.8,26.7,,,29.0,4.5,16.7,1014.4,,A_GUARDA
2022-05-15,18.1,16.8,19.6,,,219.0,9.5,37.0,1014.4,,A_GUARDA
2022-05-16,18.1,15.6,20.6,,,223.0,10.7,38.9,1018.4,,A_GUARDA
2022-05-17,18.1,16.3,19.4,,,223.0,8.7,33.3,1020.0,,A_GUARDA
2022-05-18,16.7,12.9,19.1,,,265.0,4.5,20.4,1019.4,,A_GUARDA
2022-05-19,14.9,10.5,19.2,,,11.0,5.4,25.9,1018.8,,A_GUARDA
2022-05-20,18.5,12.3,24.4,,,356.0,6.9,25.9,1017.8,,A_GUARDA
2022-05-21,22.0,17.2,27.3,,,279.0,5.1,29.6,1013.6,,A_GUARDA
2022-05-22,17.8,15.6,19.4,,,353.0,4.7,27.8,1014.9,,A_GUARDA
2022-05-23,15.9,13.4,18.3,,,338.0,5.1,31.5,1017.1,,A_GUARDA
2022-05-24,14.3,10.6,17.3,,,351.0,6.1,37.0,1018.9,,A_GUARDA
2022-05-25,16.2,10.6,21.1,,,8.0,5.7,31.5,1023.4,,A_GUARDA
2022-05-26,19.5,14.1,24.3,,,38.0,5.8,22.2,1023.2,,A_GUARDA
2022-05-27,23.0,17.1,29.7,,,70.0,5.1,24.1,1018.9,,A_GUARDA
2022-05-28,22.4,18.1,27.4,,,64.0,4.6,22.2,1014.0,,A_GUARDA
2022-05-29,19.8,16.3,23.5,,,43.0,4.4,16.7,1013.5,,A_GUARDA
2022-05-30,18.6,15.6,21.6,,,45.0,4.5,22.2,1014.8,,A_GUARDA
2022-05-31,18.4,15.1,22.2,,,34.0,4.8,18.5,1015.6,,A_GUARDA
2022-06-01,18.2,14.7,21.9,,,59.0,5.2,24.1,1016.2,,A_GUARDA
2022-06-02,,,,,,,,,,,A_GUARDA
2022-06-03,,,,,,,,,,,A_GUARDA
2022-06-04,,,,,,,,,,,A_GUARDA
2022-06-05,,,,,,,,,,,A_GUARDA
2022-06-06,,,,,,,,,,,A_GUARDA
2022-06-07,,,,,,,,,,,A_GUARDA
2022-06-08,,,,,,,,,,,A_GUARDA
2022-06-09,,,,,,,,,,,A_GUARDA
2022-06-10,,,,,,,,,,,A_GUARDA
2022-06-11,,,,,,,,,,,A_GUARDA
2022-06-12,,,,,,,,,,,A_GUARDA
2022-06-13,,,,,,,,,,,A_GUARDA
2022-06-14,19.5,15.8,22.5,,,288.0,4.1,24.1,1014.5,,A_GUARDA
2022-06-15,19.8,14.2,25.8,,,138.0,5.2,22.2,1015.1,,A_GUARDA
2022-06-16,19.7,17.4,24.0,,,27.0,6.1,37.0,1017.5,,A_GUARDA
2022-06-17,18.8,15.9,22.1,,,280.0,4.6,24.1,1017.6,,A_GUARDA
2022-06-18,18.2,15.5,21.8,,,274.0,3.8,25.9,1015.3,,A_GUARDA
2022-06-19,16.8,14.7,19.6,,,323.0,4.8,33.3,1012.7,,A_GUARDA
2022-06-20,15.2,11.2,18.8,,,338.0,5.8,31.5,1015.2,,A_GUARDA
2022-06-21,16.4,13.8,19.6,,,210.0,4.8,25.9,1013.4,,A_GUARDA
2022-06-22,16.5,14.0,19.7,,,28.0,5.0,22.2,1012.7,,A_GUARDA
2022-06-23,15.8,13.7,18.2,,,342.0,3.9,27.8,1015.7,,A_GUARDA
2022-06-24,16.4,13.1,19.0,,,210.0,4.9,22.2,1017.9,,A_GUARDA
2022-06-25,16.3,13.4,19.5,,,267.0,4.9,22.2,1016.9,,A_GUARDA
2022-06-26,14.9,9.5,19.2,,,2.0,6.5,33.3,1017.5,,A_GUARDA
2022-06-27,16.0,10.5,21.4,,,350.0,8.1,38.9,1021.5,,A_GUARDA
2022-06-28,16.1,10.4,20.6,,,339.0,8.4,35.2,1021.9,,A_GUARDA
2022-06-29,17.1,13.8,20.5,,,355.0,8.0,38.9,1019.7,,A_GUARDA
2022-06-30,16.4,10.9,21.2,,,342.0,8.7,38.9,1019.3,,A_GUARDA
2022-07-01,17.4,12.0,22.3,,,351.0,9.0,35.2,1018.1,,A_GUARDA
2022-07-02,17.7,13.3,22.0,,,327.0,6.7,27.8,1016.4,,A_GUARDA
2022-07-03,19.4,15.8,23.6,,,341.0,4.5,20.4,1016.6,,A_GUARDA
2022-07-04,18.9,16.6,22.1,,,63.0,4.5,27.8,1017.9,,A_GUARDA
2022-07-05,19.6,15.9,24.0,,,354.0,4.7,27.8,1017.5,,A_GUARDA
2022-07-06,22.3,17.0,26.8,,,40.0,6.5,27.8,1019.8,,A_GUARDA
2022-07-07,25.5,21.2,30.8,,,35.0,8.6,31.5,1022.4,,A_GUARDA
2022-07-08,25.9,20.4,32.2,,,48.0,8.2,27.8,1021.5,,A_GUARDA
2022-07-09,24.8,20.0,30.6,,,65.0,5.9,22.2,1019.2,,A_GUARDA
2022-07-10,19.1,15.4,22.8,,,19.0,5.3,25.9,1017.3,,A_GUARDA
2022-07-11,17.6,14.4,20.8,,,345.0,5.5,29.6,1015.2,,A_GUARDA
2022-07-12,26.5,18.9,33.6,,,49.0,7.2,31.5,1014.5,,A_GUARDA
2022-07-13,27.2,23.6,30.4,,,74.0,7.1,31.5,1017.1,,A_GUARDA
2022-07-14,27.1,22.0,31.0,,,51.0,8.0,25.9,1015.6,,A_GUARDA
2022-07-15,21.6,17.8,24.4,,,340.0,5.3,33.3,1013.7,,A_GUARDA
2022-07-16,18.8,16.4,22.2,,,276.0,6.0,33.3,1015.6,,A_GUARDA
2022-07-17,18.9,15.8,23.0,,,288.0,4.8,29.6,1015.6,,A_GUARDA
2022-07-18,20.0,16.7,23.9,,,291.0,4.0,31.5,1016.9,,A_GUARDA
2022-07-19,19.7,16.9,22.7,,,286.0,4.6,31.5,1020.2,,A_GUARDA
2022-07-20,19.4,14.8,24.2,,,329.0,6.6,29.6,1020.4,,A_GUARDA
2022-07-21,18.7,15.5,22.5,,,285.0,5.8,25.9,1017.6,,A_GUARDA
2022-07-22,19.7,15.4,24.5,,,300.0,6.3,35.2,1017.9,,A_GUARDA
2022-07-23,19.7,15.2,24.0,,,325.0,7.5,29.6,1017.4,,A_GUARDA
2022-07-24,18.4,15.6,21.6,,,327.0,6.2,27.8,1019.7,,A_GUARDA
2022-07-25,18.9,13.5,23.8,,,346.0,7.5,33.3,1021.7,,A_GUARDA
2022-07-26,20.0,16.1,24.1,,,337.0,8.5,38.9,1019.9,,A_GUARDA
2022-07-27,18.2,13.6,22.4,,,327.0,8.9,38.9,1017.4,,A_GUARDA
2022-07-28,18.7,15.3,22.4,,,336.0,7.9,40.8,1016.8,,A_GUARDA
2022-07-29,20.0,14.8,25.0,,,330.0,7.5,44.5,1017.1,,A_GUARDA
2022-07-30,23.6,18.1,29.0,,,343.0,7.5,31.5,1015.6,,A_GUARDA
2022-07-31,24.8,20.6,28.8,,,26.0,6.5,27.8,1015.2,,A_GUARDA
2022-08-01,21.8,17.9,26.2,,,350.0,5.5,25.9,1014.7,,A_GUARDA
2022-08-02,19.2,17.0,22.1,,,228.0,5.0,31.5,1014.4,,A_GUARDA
2022-08-03,19.2,17.2,22.4,,,293.0,5.6,31.5,1013.8,,A_GUARDA
2022-08-04,19.1,16.6,23.1,,,287.0,6.2,31.5,1013.3,,A_GUARDA
2022-08-05,19.7,16.7,24.2,,,306.0,5.0,25.9,1014.5,,A_GUARDA
2022-08-06,19.4,16.7,21.8,,,11.0,4.9,24.1,1016.0,,A_GUARDA
2022-08-07,17.9,16.1,20.3,,,344.0,4.9,27.8,1016.0,,A_GUARDA
2022-08-08,17.6,15.8,19.8,,,316.0,4.4,27.8,1016.0,,A_GUARDA
2022-08-09,18.3,16.5,20.7,,,302.0,3.9,29.6,1015.9,,A_GUARDA
2022-08-10,19.1,16.6,23.2,,,266.0,3.7,24.1,1014.1,,A_GUARDA
2022-08-11,19.1,16.3,22.7,,,225.0,4.1,27.8,1015.1,,A_GUARDA
2022-08-12,18.5,15.6,21.9,,,288.0,5.6,25.9,1016.2,,A_GUARDA
2022-08-13,17.4,14.7,20.4,,,325.0,5.9,29.6,1015.1,,A_GUARDA
2022-08-14,18.3,14.6,22.3,,,29.0,5.9,31.5,1016.1,,A_GUARDA
2022-08-15,18.7,14.6,22.4,,,39.0,4.1,25.9,1014.2,,A_GUARDA
2022-08-16,18.2,16.3,20.6,,,326.0,6.4,37.0,1014.4,,A_GUARDA
2022-08-17,18.9,15.2,23.1,,,340.0,9.2,46.3,1017.8,,A_GUARDA
2022-08-18,19.7,13.6,25.5,,,13.0,8.6,38.9,1019.3,,A_GUARDA
2022-08-19,22.6,17.4,28.3,,,44.0,8.0,31.5,1018.3,,A_GUARDA
2022-08-20,20.0,16.4,23.4,,,6.0,7.9,33.3,1018.3,,A_GUARDA
2022-08-21,18.3,14.7,22.2,,,328.0,8.9,38.9,1020.5,,A_GUARDA
2022-08-22,21.0,16.0,26.3,,,325.0,7.6,42.6,1015.9,,A_GUARDA
2022-08-23,21.4,17.2,26.5,,,323.0,7.6,35.2,1011.6,,A_GUARDA
2022-08-24,17.9,16.5,20.2,,,331.0,5.5,27.8,1013.9,,A_GUARDA
2022-08-25,20.0,16.3,24.6,,,298.0,5.8,37.0,1016.7,,A_GUARDA
2022-08-26,21.5,18.0,26.0,,,357.0,6.2,35.2,1013.3,,A_GUARDA
2022-08-27,18.7,15.9,20.8,,,2.0,4.6,27.8,1010.5,,A_GUARDA
2022-08-28,17.2,15.4,20.3,,,272.0,4.5,27.8,1011.2,,A_GUARDA
2022-08-29,18.0,15.2,21.8,,,246.0,3.3,27.8,1014.8,,A_GUARDA
2022-08-30,18.1,15.0,21.9,,,39.0,4.1,29.6,1019.4,,A_GUARDA
2022-08-31,17.4,14.0,20.9,,,36.0,5.0,27.8,1020.7,,A_GUARDA
2022-09-01,17.7,14.5,21.5,,,37.0,4.6,27.8,1018.4,,A_GUARDA
2022-09-02,17.5,15.3,20.7,,,354.0,5.5,33.3,1017.6,,A_GUARDA
2022-09-03,16.7,11.4,21.3,,,348.0,5.2,29.6,1016.7,,A_GUARDA
2022-09-04,18.5,15.9,21.5,,,204.0,7.3,40.8,1017.0,,A_GUARDA
2022-09-05,19.0,17.7,20.9,,,215.0,9.9,42.6,1018.6,,A_GUARDA
2022-09-06,18.9,16.8,21.6,,,218.0,7.0,40.8,1019.7,,A_GUARDA
2022-09-07,18.4,16.8,20.5,,,212.0,5.2,31.5,1018.1,,A_GUARDA
2022-09-08,18.9,16.6,21.8,,,162.0,3.5,27.8,1017.5,,A_GUARDA
2022-09-09,18.3,15.5,21.9,,,31.0,3.6,24.1,1020.2,,A_GUARDA
2022-09-10,18.7,14.6,23.4,,,0.0,3.8,20.4,1018.2,,A_GUARDA
2022-09-11,20.1,16.0,24.9,,,55.0,4.5,25.9,1013.0,,A_GUARDA
2022-09-12,21.6,19.2,25.3,,,145.0,5.3,33.3,1005.5,,A_GUARDA
2022-09-13,20.6,19.4,22.2,,,186.0,10.3,44.5,1001.9,,A_GUARDA
2022-09-14,19.9,18.9,21.8,,,205.0,10.5,40.8,1007.2,,A_GUARDA
2022-09-15,20.7,18.0,24.3,,,178.0,5.3,27.8,1013.5,,A_GUARDA
2022-09-16,19.1,16.2,22.8,,,67.0,3.2,24.1,1015.8,,A_GUARDA
2022-09-17,20.8,17.0,26.4,,,35.0,4.0,25.9,1012.7,,A_GUARDA
2022-09-18,22.6,18.8,28.0,,,49.0,6.4,24.1,1011.8,,A_GUARDA
2022-09-19,21.9,18.4,26.6,,,51.0,5.0,27.8,1014.8,,A_GUARDA
2022-09-20,20.9,16.5,25.8,,,38.0,5.2,24.1,1017.4,,A_GUARDA
2022-09-21,19.8,16.3,24.1,,,15.0,3.6,20.4,1016.8,,A_GUARDA
2022-09-22,18.0,15.2,21.7,,,87.0,3.4,22.2,1018.1,,A_GUARDA
2022-09-23,17.4,13.9,21.4,,,19.0,4.5,27.8,1018.6,,A_GUARDA
2022-09-24,18.0,14.1,23.2,,,15.0,7.6,37.0,1018.6,,A_GUARDA
2022-09-25,16.8,11.5,22.8,,,33.0,8.1,35.2,1016.7,,A_GUARDA
2022-09-26,16.8,11.5,22.5,,,37.0,7.9,37.0,1018.3,,A_GUARDA
2022-09-27,16.6,12.4,21.1,,,7.0,6.7,37.0,1021.3,,A_GUARDA
2022-09-28,16.5,13.6,19.7,,,346.0,4.7,29.6,1020.1,,A_GUARDA
2022-09-29,16.3,13.5,18.7,,,343.0,7.9,42.6,1014.0,,A_GUARDA
2022-09-30,14.5,10.4,19.1,,,23.0,4.9,35.2,1019.4,,A_GUARDA
2022-10-01,15.5,11.5,20.9,,,32.0,3.9,20.4,1024.9,,A_GUARDA
2022-10-02,16.9,12.1,22.6,,,50.0,5.5,29.6,1023.7,,A_GUARDA
2022-10-03,17.9,14.0,23.6,,,57.0,5.1,25.9,1021.4,,A_GUARDA
2022-10-04,15.1,12.1,18.8,,,66.0,5.3,20.4,1022.5,,A_GUARDA
2022-10-05,15.7,10.9,20.6,,,33.0,4.5,27.8,1023.1,,A_GUARDA
2022-10-06,18.6,15.2,23.8,,,46.0,5.3,22.2,1022.7,,A_GUARDA
2022-10-07,16.6,14.1,20.1,,,50.0,4.6,25.9,1020.2,,A_GUARDA
2022-10-08,15.8,12.5,20.3,,,85.0,4.6,24.1,1017.4,,A_GUARDA
2022-10-09,15.3,13.2,18.3,,,102.0,3.4,24.1,1016.6,,A_GUARDA
2022-10-10,16.5,14.9,18.6,,,99.0,2.4,18.5,1016.9,,A_GUARDA
2022-10-11,17.2,14.2,21.2,,,79.0,3.8,18.5,1019.4,,A_GUARDA
2022-10-12,16.9,13.6,21.3,,,58.0,4.9,22.2,1021.6,,A_GUARDA
2022-10-13,16.1,11.8,20.2,,,22.0,4.6,27.8,1025.3,,A_GUARDA
2022-10-14,17.0,15.3,19.9,,,44.0,3.0,18.5,1024.3,,A_GUARDA
2022-10-15,16.4,14.1,18.5,,,71.0,4.1,24.1,1016.9,,A_GUARDA
2022-10-16,17.5,16.5,18.3,,,174.0,9.0,31.5,1013.1,,A_GUARDA
2022-10-17,17.1,15.1,19.5,,,138.0,4.6,31.5,1016.9,,A_GUARDA
2022-10-18,18.3,16.1,21.7,,,154.0,9.5,44.5,1016.6,,A_GUARDA
2022-10-19,17.4,15.9,18.8,,,191.0,12.1,46.3,1012.1,,A_GUARDA
2022-10-20,16.6,15.8,17.8,,,197.0,13.5,66.7,1007.5,,A_GUARDA
2022-10-21,16.5,15.5,17.6,,,210.0,11.9,38.9,1010.9,,A_GUARDA
2022-10-22,16.4,15.1,17.6,,,201.0,13.9,64.8,1007.6,,A_GUARDA
2022-10-23,16.0,15.0,17.2,,,238.0,14.0,51.8,1008.9,,A_GUARDA
2022-10-24,16.2,14.9,18.0,,,206.0,7.1,37.0,1015.6,,A_GUARDA
2022-10-25,17.8,16.5,19.1,,,185.0,10.3,46.3,1011.5,,A_GUARDA
2022-10-26,18.4,16.9,20.2,,,183.0,9.2,37.0,1013.8,,A_GUARDA
2022-10-27,19.2,17.7,20.6,,,190.0,14.1,48.2,1014.8,,A_GUARDA
2022-10-28,18.7,17.2,19.5,,,194.0,12.4,53.7,1016.6,,A_GUARDA
2022-10-29,16.8,14.0,18.6,,,178.0,8.6,46.3,1015.8,,A_GUARDA
2022-10-30,14.9,12.0,19.4,,,134.0,4.2,22.2,1018.8,,A_GUARDA
2022-10-31,15.1,11.2,18.3,,,126.0,6.0,40.8,1015.5,,A_GUARDA
2022-11-01,12.7,9.7,17.2,,,83.0,3.7,22.2,1025.5,,A_GUARDA
2022-11-02,12.5,8.6,16.8,,,95.0,5.4,25.9,1023.7,,A_GUARDA
2022-11-03,14.4,9.8,16.8,,,179.0,5.8,27.8,1019.7,,A_GUARDA
2022-11-04,11.1,6.6,16.0,,,96.0,4.3,24.1,1024.9,,A_GUARDA
2022-11-05,11.5,7.0,16.9,,,85.0,4.4,25.9,1022.9,,A_GUARDA
2022-11-06,14.4,12.1,17.6,,,63.0,4.3,20.4,1020.2,,A_GUARDA
2022-11-07,15.3,12.8,17.1,,,197.0,8.3,44.5,1016.6,,A_GUARDA
2022-11-08,15.8,14.5,16.8,,,259.0,8.8,33.3,1012.9,,A_GUARDA
2022-11-09,15.1,13.8,16.9,,,201.0,4.5,27.8,1019.2,,A_GUARDA
2022-11-10,15.5,13.0,19.3,,,100.0,3.7,22.2,1023.6,,A_GUARDA
2022-11-11,14.7,10.9,20.5,,,94.0,6.1,29.6,1021.8,,A_GUARDA
2022-11-12,15.1,11.5,20.3,,,99.0,6.6,31.5,1019.0,,A_GUARDA
2022-11-13,15.7,13.0,18.9,,,151.0,7.2,31.5,1017.1,,A_GUARDA
2022-11-14,14.5,11.8,16.4,,,312.0,5.4,33.3,1017.7,,A_GUARDA
2022-11-15,15.9,14.4,16.8,,,283.0,10.3,48.2,1011.7,,A_GUARDA
2022-11-16,16.0,14.5,17.3,,,295.0,12.1,50.0,1009.8,,A_GUARDA
2022-11-17,15.5,11.7,16.9,,,320.0,9.0,44.5,1010.9,,A_GUARDA
2022-11-18,11.0,9.4,12.9,,,350.0,4.4,24.1,1019.2,,A_GUARDA
2022-11-19,10.5,8.6,12.2,,,19.0,2.5,16.7,1024.1,,A_GUARDA
2022-11-20,14.7,12.4,17.2,,,20.0,4.5,27.8,1023.0,,A_GUARDA
2022-11-21,14.6,11.1,17.5,,,321.0,11.4,42.6,1018.6,,A_GUARDA
2022-11-22,14.5,11.0,17.9,,,309.0,13.0,55.5,1015.4,,A_GUARDA
2022-11-23,16.1,13.5,18.1,,,324.0,11.8,50.0,1015.9,,A_GUARDA
2022-11-24,14.1,12.5,15.6,,,332.0,6.4,33.3,1016.6,,A_GUARDA
2022-11-25,11.6,8.8,15.5,,,58.0,4.1,24.1,1026.5,,A_GUARDA
2022-11-26,11.0,7.6,15.6,,,40.0,5.4,27.8,1027.8,,A_GUARDA
2022-11-27,11.4,9.7,13.6,,,330.0,5.6,31.5,1023.9,,A_GUARDA
2022-11-28,10.1,7.3,14.0,,,68.0,2.7,22.2,1027.4,,A_GUARDA
2022-11-29,9.6,6.9,13.4,,,83.0,4.0,18.5,1024.4,,A_GUARDA
2022-11-30,11.2,9.7,12.9,,,112.0,5.8,35.2,1014.6,,A_GUARDA
2022-12-01,10.4,6.6,15.1,,,84.0,5.8,25.9,1015.7,,A_GUARDA
2022-12-02,7.6,4.1,13.4,,,106.0,6.5,31.5,1012.5,,A_GUARDA
2022-12-03,6.7,3.4,12.5,,,104.0,5.5,25.9,1008.2,,A_GUARDA
2022-12-04,7.1,3.2,11.9,,,89.0,5.0,24.1,1008.5,,A_GUARDA
2022-12-05,10.6,7.8,13.6,,,110.0,7.9,42.6,1009.0,,A_GUARDA
2022-12-06,10.7,8.4,13.9,,,104.0,5.0,22.2,1015.3,,A_GUARDA
2022-12-07,11.6,8.3,15.3,,,104.0,8.7,29.6,1010.3,,A_GUARDA
2022-12-08,13.3,12.3,14.8,,,121.0,10.0,40.8,998.1,,A_GUARDA
2022-12-09,12.8,10.4,14.7,,,94.0,7.2,38.9,999.2,,A_GUARDA
2022-12-10,8.6,5.8,11.2,,,48.0,5.0,25.9,1011.6,,A_GUARDA
2022-12-11,10.3,8.2,12.4,,,91.0,7.6,31.5,1005.6,,A_GUARDA
2022-12-12,15.3,12.0,16.6,,,288.0,12.1,40.8,1003.5,,A_GUARDA
2022-12-13,15.9,14.8,16.8,,,314.0,7.9,37.0,1002.3,,A_GUARDA
2022-12-14,14.4,13.0,15.6,,,290.0,7.6,27.8,999.8,,A_GUARDA
2022-12-15,12.6,11.5,14.1,,,288.0,5.9,24.1,999.2,,A_GUARDA
2022-12-16,12.0,9.0,15.2,,,82.0,6.1,29.6,1006.6,,A_GUARDA
2022-12-17,11.3,8.5,14.4,,,61.0,5.2,24.1,1017.4,,A_GUARDA
2022-12-18,14.6,12.0,16.7,,,228.0,9.1,44.5,1019.9,,A_GUARDA
2022-12-19,16.0,15.0,16.9,,,252.0,16.7,79.6,1016.7,,A_GUARDA
2022-12-20,15.2,14.4,15.9,,,251.0,10.0,53.7,1017.0,,A_GUARDA
2022-12-21,15.7,14.7,16.4,,,268.0,8.3,44.5,1023.5,,A_GUARDA
2022-12-22,16.7,15.8,17.5,,,281.0,7.2,37.0,1025.8,,A_GUARDA
2022-12-23,16.3,15.7,17.1,,,255.0,14.4,44.5,1022.9,,A_GUARDA
2022-12-24,15.1,14.4,15.6,,,252.0,12.7,50.0,1016.8,,A_GUARDA
2022-12-25,13.4,11.5,14.4,,,241.0,8.8,46.3,1014.9,,A_GUARDA
2022-12-26,11.5,9.7,13.9,,,52.0,3.1,24.1,1026.1,,A_GUARDA
2022-12-27,11.4,9.2,14.4,,,69.0,4.4,20.4,1030.3,,A_GUARDA
2022-12-28,12.7,9.9,14.2,,,308.0,6.9,25.9,1024.2,,A_GUARDA
2022-12-29,14.3,13.6,15.4,,,296.0,8.0,31.5,1019.6,,A_GUARDA
2022-12-30,16.4,15.2,17.2,,,260.0,15.3,51.8,1018.8,,A_GUARDA
2022-12-31,16.3,14.8,18.5,,,242.0,16.5,87.0,1017.4,,A_GUARDA
